Workbook

Sheet ร้านใกล้แหล่งท่องเที่ยว
A1: ลำดับ | B1: แหล่งท่องเที่ยว | C1: ประเภท | D1: ชื่อร้าน | E1: ละติจูด | F1: ลองจิจูด | G1: ระยะห่างจากแหล่งท่องเที่ยว (กม.) | H1: ที่อยู่ | I1: วัน-เวลาเปิดให้บริการ | J1: เบอร์โทร | K1: ลิงก์ Google Maps | L1: สถานะ (ตรวจสอบ 3 ต.ค. 2569)
A2: 1 | B2: SkyWalk King Power Mahanakhon (คิงเพาเวอร์ มหานคร) | C2: ร้านอาหาร | D2: Mahanakhon Eatery | E2: 13.723905 | F2: 100.52865 | G2: 0.02 | H2: 96 ถ.นราธิวาสราชนครินทร์ สีลม บางรัก | I2: ทุกวัน 08:00-22:00 | J2: +66 2 677 8721 | K2: =HYPERLINK("https://www.google.com/maps/search/?api=1&query=Mahanakhon%20Eatery&query_place_id=ChIJpYfHXaef4jARpiefh3BHf1k","เปิดแผนที่") -> เปิดแผนที่ | L2: เปิดให้บริการ (มีเวลาทำการใน Google Maps)
A3: 2 | B3: SkyWalk King Power Mahanakhon (คิงเพาเวอร์ มหานคร) | C3: ร้านอาหาร | D3: Babyccino Mahanakhon | E3: 13.72386 | F3: 100.52868 | G3: 0.03 | H3: Mahanakhon Cube 96 ถ.นราธิวาสฯ สีลม บางรัก | I3: ทุกวัน 10:00-22:00 | J3: +66 92 446 9222 | K3: =HYPERLINK("https://www.google.com/maps/search/?api=1&query=Babyccino%20Mahanakhon&query_place_id=ChIJL_Skva2Z4jARptt0z0enAIM","เปิดแผนที่") -> เปิดแผนที่ | L3: เปิดให้บริการ (มีเวลาทำการใน Google Maps)
A4: 3 | B4: SkyWalk King Power Mahanakhon (คิงเพาเวอร์ มหานคร) | C4: ร้านอาหาร | D4: The Standard Grill | E4: 13.72353 | F4: 100.5283 | G4: 0.06 | H4: ชั้น 5 The Standard Bangkok Mahanakhon 114 ถ.นราธิวาสฯ | I4: จ-ศ 17:30-22:30 / ส-อา 12:00-15:00, 17:30-22:30 | J4: +66 2 085 8888 | K4: =HYPERLINK("https://www.google.com/maps/search/?api=1&query=The%20Standard%20Grill&query_place_id=ChIJtzsv7T2Z4jAR2fSNVxk9_Jc","เปิดแผนที่") -> เปิดแผนที่ | L4: เปิดให้บริการ (มีเวลาทำการใน Google Maps)
A5: 4 | B5: SkyWalk King Power Mahanakhon (คิงเพาเวอร์ มหานคร) | C5: ร้านเครื่องดื่ม | D5: Sugar Bliss Coffee & Brunch (Ashton Silom) | E5: 13.726351 | F5: 100.52681 | G5: 0.32 | H5: Ashton Silom ถ.สีลม สุริยวงศ์ บางรัก | I5: ทุกวัน 08:00-18:00 | J5: +66 93 452 2989 | K5: =HYPERLINK("https://www.google.com/maps/search/?api=1&query=Sugar%20Bliss%20Coffee%20%26%20Brunch%20%28Ashton%20Silom%29&query_place_id=ChIJ_9mRbwqZ4jAR5qjatMOK910","เปิดแผนที่") -> เปิดแผนที่ | L5: เปิดให้บริการ (มีเวลาทำการใน Google Maps)
A6: 5 | B6: SkyWalk King Power Mahanakhon (คิงเพาเวอร์ มหานคร) | C6: ร้านเครื่องดื่ม | D6: Still Bean — Silom | E6: 13.727425 | F6: 100.53329 | G6: 0.64 | H6: 2, 3 ถ.คอนแวนต์ สีลม บางรัก | I6: ทุกวัน 07:30-20:00 | J6: +66 2 000 0101 | K6: =HYPERLINK("https://www.google.com/maps/search/?api=1&query=Still%20Bean%20%E2%80%94%20Silom&query_place_id=ChIJpY1mWCaf4jARIHPxN0HALGc","เปิดแผนที่") -> เปิดแผนที่ | L6: เปิดให้บริการ (มีเวลาทำการใน Google Maps)
A7: 6 | B7: SkyWalk King Power Mahanakhon (คิงเพาเวอร์ มหานคร) | C7: ร้านเครื่องดื่ม | D7: GATTA Cafe (Park Silom) - Specialty Coffee | E7: 13.727861 | F7: 100.53353 | G7: 0.69 | H7: ชั้น L Park Silom ถ.สีลม บางรัก | I7: จ-ศ 07:00-17:30 / ส-อา 08:00-16:30 | J7: +66 96 079 8822 | K7: =HYPERLINK("https://www.google.com/maps/search/?api=1&query=GATTA%20Cafe%20%28Park%20Silom%29%20-%20Specialty%20Coffee&query_place_id=ChIJ54yK4R2f4jARqeeHInvT16Y","เปิดแผนที่") -> เปิดแผนที่ | L7: เปิดให้บริการ (มีเวลาทำการใน Google Maps)
A8: 7 | B8: SkyWalk King Power Mahanakhon (คิงเพาเวอร์ มหานคร) | C8: ร้านของหวาน | D8: Brioche from Heaven | E8: 13.724035 | F8: 100.5296 | G8: 0.12 | H8: 156 ถ.นราธิวาสราชนครินทร์ สีลม บางรัก | I8: ทุกวัน 08:30-18:30 | J8: +66 64 847 0049 | K8: =HYPERLINK("https://www.google.com/maps/search/?api=1&query=Brioche%20from%20Heaven&query_place_id=ChIJsbfRmjGZ4jARcKFHjhSe1ls","เปิดแผนที่") -> เปิดแผนที่ | L8: เปิดให้บริการ (มีเวลาทำการใน Google Maps)
A9: 8 | B9: SkyWalk King Power Mahanakhon (คิงเพาเวอร์ มหานคร) | C9: ร้านของหวาน | D9: After You Dessert Café (Silom Complex) | E9: 13.728473 | F9: 100.53504 | G9: 0.86 | H9: Silom Complex ชั้น 2 191 ถ.สีลม บางรัก | I9: ทุกวัน 10:30-21:00 | J9: +66 2 231 3255 | K9: =HYPERLINK("https://www.google.com/maps/search/?api=1&query=After%20You%20Dessert%20Caf%C3%A9%20%28Silom%20Complex%29&query_place_id=ChIJa2em1dGY4jARkD433irtHU8","เปิดแผนที่") -> เปิดแผนที่ | L9: เปิดให้บริการ (มีเวลาทำการใน Google Maps)
A10: 9 | B10: SkyWalk King Power Mahanakhon (คิงเพาเวอร์ มหานคร) | C10: ร้านของหวาน | D10: Kyo Roll En (Silom Complex) | E10: 13.728085 | F10: 100.53494 | G10: 0.83 | H10: Silom Complex ชั้น B 191 ถ.สีลม บางรัก | I10: ทุกวัน 10:30-22:00 | J10: +66 65 717 9010 | K10: =HYPERLINK("https://www.google.com/maps/search/?api=1&query=Kyo%20Roll%20En%20%28Silom%20Complex%29&query_place_id=ChIJr9hEAyyf4jARq1DOwvgEalo","เปิดแผนที่") -> เปิดแผนที่ | L10: เปิดให้บริการ (มีเวลาทำการใน Google Maps)
A11: 10 | B11: วัดพระศรีรัตนศาสดาราม (วัดพระแก้ว) | C11: ร้านอาหาร | D11: Thong Heng Lee Restaurant | E11: 13.752679 | F11: 100.48939 | G11: 0.38 | H11: 192-194 ถ.มหาราช พระบรมมหาราชวัง พระนคร | I11: อ-อา 08:30-16:30 (ปิดวันจันทร์) | J11: +66 81 649 4890 | K11: =HYPERLINK("https://www.google.com/maps/search/?api=1&query=Thong%20Heng%20Lee%20Restaurant&query_place_id=ChIJqda0RQmZ4jAR861kobU9SaE","เปิดแผนที่") -> เปิดแผนที่ | L11: เปิดให้บริการ (มีเวลาทำการใน Google Maps)
A12: 11 | B12: วัดพระศรีรัตนศาสดาราม (วัดพระแก้ว) | C12: ร้านอาหาร | D12: The Gate Grand Palace | E12: 13.752174 | F12: 100.48915 | G12: 0.39 | H12: 77 ถ.หน้าพระลาน ท่าช้าง พระนคร | I12: ทุกวัน 09:00-18:00 | J12: +66 82 752 4993 | K12: =HYPERLINK("https://www.google.com/maps/search/?api=1&query=The%20Gate%20Grand%20Palace&query_place_id=ChIJXSG1gOGZ4jARQWWzQjSY8Hw","เปิดแผนที่") -> เปิดแผนที่ | L12: เปิดให้บริการ (มีเวลาทำการใน Google Maps)
A13: 12 | B13: วัดพระศรีรัตนศาสดาราม (วัดพระแก้ว) | C13: ร้านอาหาร | D13: Thai Royal Kitchen ครัวหน้าวัง | E13: 13.749529 | F13: 100.49827 | G13: 0.64 | H13: 12 ถ.ราชบพิธ วัดราชบพิธ พระนคร | I13: ทุกวัน 05:30-14:00 (แนะนำสั่งล่วงหน้า) | J13: +66 63 965 5656 | K13: =HYPERLINK("https://www.google.com/maps/search/?api=1&query=Thai%20Royal%20Kitchen%20%E0%B8%84%E0%B8%A3%E0%B8%B1%E0%B8%A7%E0%B8%AB%E0%B8%99%E0%B9%89%E0%B8%B2%E0%B8%A7%E0%B8%B1%E0%B8%87&query_place_id=ChIJ3RQGqDKZ4jARor7IX-x0y0s","เปิดแผนที่") -> เปิดแผนที่ | L13: เปิดให้บริการ (มีเวลาทำการใน Google Maps)
A14: 13 | B14: วัดพระศรีรัตนศาสดาราม (วัดพระแก้ว) | C14: ร้านเครื่องดื่ม | D14: Tawang Thai Tea, Legendary of LIGOR @Wat Phra Kaew | E14: 13.75252 | F14: 100.49085 | G14: 0.23 | H14: 9 ถ.หน้าพระลาน พระบรมมหาราชวัง พระนคร | I14: ทุกวัน 09:00-17:00 | J14: +66 88 980 9398 | K14: =HYPERLINK("https://www.google.com/maps/search/?api=1&query=Tawang%20Thai%20Tea%2C%20Legendary%20of%20LIGOR%20%40Wat%20Phra%20Kaew&query_place_id=ChIJX1I3HwCZ4jARxCmOcCGCapw","เปิดแผนที่") -> เปิดแผนที่ | L14: เปิดให้บริการ (มีเวลาทำการใน Google Maps)
A15: 14 | B15: วัดพระศรีรัตนศาสดาราม (วัดพระแก้ว) | C15: ร้านเครื่องดื่ม | D15: Cloud Phranakhon | E15: 13.75562 | F15: 100.49205 | G15: 0.46 | H15: ซ.หน้าพระธาตุ พระบรมมหาราชวัง พระนคร | I15: ทุกวัน 07:00-21:00 | J15: +66 80 296 5549 | K15: =HYPERLINK("https://www.google.com/maps/search/?api=1&query=Cloud%20Phranakhon&query_place_id=ChIJ0VnuaBeZ4jARYxkgVt-fU-o","เปิดแผนที่") -> เปิดแผนที่ | L15: เปิดให้บริการ (มีเวลาทำการใน Google Maps)
A16: 15 | B16: วัดพระศรีรัตนศาสดาราม (วัดพระแก้ว) | C16: ร้านเครื่องดื่ม | D16: ช่างคั่ว สาขาท่าพระจันทร์ | E16: 13.75591 | F16: 100.49041 | G16: 0.55 | H16: 5-7 ซ.ท่าพระจันทร์ พระบรมมหาราชวัง พระนคร | I16: ทุกวัน 08:00-16:00 | J16: +66 96 395 9446 | K16: =HYPERLINK(_xlfn._LONGTEXT("https://www.google.com/maps/search/?api=1&query=%E0%B8%8A%E0%B9%88%E0%B8%B2%E0%B8%87%E0%B8%84%E0%B8%B1%E0%B9%88%E0%B8%A7%20%E0%B8%AA%E0%B8%B2%E0%B8%82%E0%B8%B2%E0%B8%97%E0%B9%88%E0%B8%B2%E0%B8%9E%E0%B8%A3%E0%B8%B0%E0%B8%88%E0%B8%B1%E0%B8%99%E0%B8%97%E0%B8","%A3%E0%B9%8C&query_place_id=ChIJnx1_2XKZ4jARlAWQwKo5-_Y"),"เปิดแผนที่") -> #VALUE! | L16: เปิดให้บริการ (มีเวลาทำการใน Google Maps)
A17: 16 | B17: วัดพระศรีรัตนศาสดาราม (วัดพระแก้ว) | C17: ร้านของหวาน | D17: Nuttaporn Ice Cream (ไอศกรีมมะพร้าวนัฐพร) | E17: 13.75167 | F17: 100.4975 | G17: 0.52 | H17: 94 ถ.แพร่งภูธร ศาลเจ้าพ่อเสือ พระนคร | I17: จ-ส 09:00-17:00 (ปิดวันอาทิตย์) | J17: +66 89 826 5752 | K17: =HYPERLINK(_xlfn._LONGTEXT("https://www.google.com/maps/search/?api=1&query=Nuttaporn%20Ice%20Cream%20%28%E0%B9%84%E0%B8%AD%E0%B8%A8%E0%B8%81%E0%B8%A3%E0%B8%B5%E0%B8%A1%E0%B8%A1%E0%B8%B0%E0%B8%9E%E0%B8%A3%E0%B9%89%E0%B8%B2%E0%B8%A7%E0%B8%99%E0%B8%B1%E0%B8%90%E0%B8%9E%E0%B8%A3%29&que","ry_place_id=ChIJ5VJGvhGZ4jARSBZl5Kc7a2k"),"เปิดแผนที่") -> #VALUE! | L17: เปิดให้บริการ (มีเวลาทำการใน Google Maps)
A18: 17 | B18: วัดพระศรีรัตนศาสดาราม (วัดพระแก้ว) | C18: ร้านของหวาน | D18: ร้านลุงแดง (ขนมไทยโบราณ แพร่งนรา) | E18: 13.752426 | F18: 100.498 | G18: 0.58 | H18: 112 ถ.แพร่งนรา ศาลเจ้าพ่อเสือ พระนคร | I18: จ-ศ 09:00-15:00 (ปิดเสาร์-อาทิตย์) | J18: +66 2 622 0404 | K18: =HYPERLINK(_xlfn._LONGTEXT("https://www.google.com/maps/search/?api=1&query=%E0%B8%A3%E0%B9%89%E0%B8%B2%E0%B8%99%E0%B8%A5%E0%B8%B8%E0%B8%87%E0%B9%81%E0%B8%94%E0%B8%87%20%28%E0%B8%82%E0%B8%99%E0%B8%A1%E0%B9%84%E0%B8%97%E0%B8%A2%E0%B9%82%E0%B8%9A%E0%B8%A3%E0%B8%B2%E0%B8%93%20%E0%B9%81","%E0%B8%9E%E0%B8%A3%E0%B9%88%E0%B8%87%E0%B8%99%E0%B8%A3%E0%B8%B2%29&query_place_id=ChIJa0NEkBGZ4jARK8fGc1AlX4k"),"เปิดแผนที่") -> #VALUE! | L18: เปิดให้บริการ (มีเวลาทำการใน Google Maps)
A19: 18 | B19: วัดพระศรีรัตนศาสดาราม (วัดพระแก้ว) | C19: ร้านของหวาน | D19: PAULETTE BKK | E19: 13.749523 | F19: 100.49804 | G19: 0.62 | H19: 65 ถ.เฟื่องนคร วัดราชบพิธ พระนคร | I19: ทุกวัน 07:30-18:30 | J19: +66 63 674 6561 | K19: =HYPERLINK("https://www.google.com/maps/search/?api=1&query=PAULETTE%20BKK&query_place_id=ChIJHdQm8CKZ4jARSeplrVUwAtg","เปิดแผนที่") -> เปิดแผนที่ | L19: เปิดให้บริการ (มีเวลาทำการใน Google Maps)
A20: 19 | B20: วัดพระเชตุพนวิมลมังคลาราม (วัดโพธิ์) | C20: ร้านอาหาร | D20: Baan ThaTien | E20: 13.744685 | F20: 100.49225 | G20: 0.2 | H20: 392/2 ถ.มหาราช พระบรมมหาราชวัง พระนคร | I20: ทุกวัน 08:00-19:00 | J20: +66 95 151 5545 | K20: =HYPERLINK("https://www.google.com/maps/search/?api=1&query=Baan%20ThaTien&query_place_id=ChIJAYJsTQSZ4jARi7QrBrmpxY4","เปิดแผนที่") -> เปิดแผนที่ | L20: เปิดให้บริการ (มีเวลาทำการใน Google Maps)
A21: 20 | B21: วัดพระเชตุพนวิมลมังคลาราม (วัดโพธิ์) | C21: ร้านอาหาร | D21: Home Cafe Tha Tien | E21: 13.745695 | F21: 100.49125 | G21: 0.18 | H21: 10-14 ซ.ท่าเตียน พระบรมมหาราชวัง พระนคร | I21: จ-ส 10:30-19:00 (ปิดวันอาทิตย์) | J21: +66 2 622 1936 | K21: =HYPERLINK("https://www.google.com/maps/search/?api=1&query=Home%20Cafe%20Tha%20Tien&query_place_id=ChIJ6aLoxQWZ4jARd7FjOaPiQ08","เปิดแผนที่") -> เปิดแผนที่ | L21: เปิดให้บริการ (มีเวลาทำการใน Google Maps)
A22: 21 | B22: วัดพระเชตุพนวิมลมังคลาราม (วัดโพธิ์) | C22: ร้านอาหาร | D22: RONGROS | E22: 13.744255 | F22: 100.49171 | G22: 0.27 | H22: 392/16 ถ.มหาราช พระบรมมหาราชวัง พระนคร | I22: ทุกวัน 11:00-15:00, 17:00-22:00 | J22: +66 96 946 1785 | K22: =HYPERLINK("https://www.google.com/maps/search/?api=1&query=RONGROS&query_place_id=ChIJjYPUa8GZ4jARi9fgigQOiR8","เปิดแผนที่") -> เปิดแผนที่ | L22: เปิดให้บริการ (มีเวลาทำการใน Google Maps)
A23: 22 | B23: วัดพระเชตุพนวิมลมังคลาราม (วัดโพธิ์) | C23: ร้านเครื่องดื่ม | D23: Orin Coffee roaster & Specialty tea | E23: 13.745606 | F23: 100.49115 | G23: 0.2 | H23: 20 ซ.ท่าเตียน พระบรมมหาราชวัง พระนคร | I23: ทุกวัน 08:00-18:00 (ปิดวันพุธ) | J23: +66 88 666 2027 | K23: =HYPERLINK("https://www.google.com/maps/search/?api=1&query=Orin%20Coffee%20roaster%20%26%20Specialty%20tea&query_place_id=ChIJ3cc_YhmZ4jARPfL1wgx3Ywk","เปิดแผนที่") -> เปิดแผนที่ | L23: เปิดให้บริการ (มีเวลาทำการใน Google Maps)
A24: 23 | B24: วัดพระเชตุพนวิมลมังคลาราม (วัดโพธิ์) | C24: ร้านเครื่องดื่ม | D24: SLOWBAR : Slow coffee & Juice bar | E24: 13.745341 | F24: 100.49164 | G24: 0.17 | H24: 85/2 พระบรมมหาราชวัง พระนคร | I24: ทุกวัน 10:00-19:00 (ปิดวันอังคาร) | J24: +66 94 952 6463 | K24: =HYPERLINK("https://www.google.com/maps/search/?api=1&query=SLOWBAR%20%3A%20Slow%20coffee%20%26%20Juice%20bar&query_place_id=ChIJI7VVefWZ4jARWW57XZMlPO4","เปิดแผนที่") -> เปิดแผนที่ | L24: เปิดให้บริการ (มีเวลาทำการใน Google Maps)
A25: 24 | B25: วัดพระเชตุพนวิมลมังคลาราม (วัดโพธิ์) | C25: ร้านเครื่องดื่ม | D25: ตั้งเตียนน์ - Tang De Tien Cafe' & Curated twist | E25: 13.746025 | F25: 100.4912 | G25: 0.17 | H25: 312-314 ถ.มหาราช พระบรมมหาราชวัง พระนคร | I25: ทุกวัน 09:30-20:30 | J25: +66 61 415 1555 | K25: =HYPERLINK("https://www.google.com/maps/search/?api=1&query=%E0%B8%95%E0%B8%B1%E0%B9%89%E0%B8%87%E0%B9%80%E0%B8%95%E0%B8%B5%E0%B8%A2%E0%B8%99%E0%B8%99%E0%B9%8C%20-%20Tang%20De%20Tien%20Cafe%27%20%26%20Curated%20twist&query_place_id=ChIJpRm_RwCZ4jARHuxdKSbqYX0","เปิดแผนที่") -> เปิดแผนที่ | L25: เปิดให้บริการ (มีเวลาทำการใน Google Maps)
A26: 25 | B26: วัดพระเชตุพนวิมลมังคลาราม (วัดโพธิ์) | C26: ร้านของหวาน | D26: Heychom Thai Dessert Bar | E26: 13.74592 | F26: 100.49127 | G26: 0.17 | H26: 320 ถ.มหาราช พระบรมมหาราชวัง พระนคร | I26: ทุกวัน 11:00-18:00 | J26: +66 99 239 9246 | K26: =HYPERLINK("https://www.google.com/maps/search/?api=1&query=Heychom%20Thai%20Dessert%20Bar&query_place_id=ChIJf676IJeZ4jARHVCHVT4OJko","เปิดแผนที่") -> เปิดแผนที่ | L26: เปิดให้บริการ (มีเวลาทำการใน Google Maps)
A27: 26 | B27: วัดพระเชตุพนวิมลมังคลาราม (วัดโพธิ์) | C27: ร้านของหวาน | D27: After Sunrise | E27: 13.745007 | F27: 100.49194 | G27: 0.18 | H27: 370 ชั้น 2 Chetuphon Gate ซ.ประตูนกยูง พระนคร | I27: ทุกวัน 12:00-20:00 | J27: - | K27: =HYPERLINK("https://www.google.com/maps/search/?api=1&query=After%20Sunrise&query_place_id=ChIJ2ewOZh6Z4jARqNuLp2xFDW8","เปิดแผนที่") -> เปิดแผนที่ | L27: เปิดให้บริการ (มีเวลาทำการใน Google Maps)
A28: 27 | B28: วัดพระเชตุพนวิมลมังคลาราม (วัดโพธิ์) | C28: ร้านของหวาน | D28: A Pink Rabbit + Bob | E28: 13.744936 | F28: 100.49202 | G28: 0.18 | H28: 378 ถ.มหาราช พระบรมมหาราชวัง พระนคร | I28: ทุกวัน 09:00-20:00 | J28: +66 62 639 8880 | K28: =HYPERLINK("https://www.google.com/maps/search/?api=1&query=A%20Pink%20Rabbit%20%2B%20Bob&query_place_id=ChIJv9Qyc9uZ4jAR7LyLQfsLySI","เปิดแผนที่") -> เปิดแผนที่ | L28: เปิดให้บริการ (มีเวลาทำการใน Google Maps)
A29: 28 | B29: วัดอรุณราชวรารามราชวรมหาวิหาร | C29: ร้านอาหาร | D29: Chom Arun | E29: 13.744048 | F29: 100.49177 | G29: 0.36 | H29: 392/53 ถ.มหาราช พระบรมมหาราชวัง พระนคร | I29: ทุกวัน 10:30-21:30 | J29: +66 95 446 4199 | K29: =HYPERLINK("https://www.google.com/maps/search/?api=1&query=Chom%20Arun&query_place_id=ChIJg86wsZ-Z4jARYyyrIYV1rpw","เปิดแผนที่") -> เปิดแผนที่ | L29: เปิดให้บริการ (มีเวลาทำการใน Google Maps)
A30: 29 | B30: วัดอรุณราชวรารามราชวรมหาวิหาร | C30: ร้านอาหาร | D30: Supanniga Eating Room Tha Tien | E30: 13.744135 | F30: 100.49173 | G30: 0.36 | H30: 392/25-26 ซ.เพ็ญพัฒน์ 2 พระบรมมหาราชวัง พระนคร | I30: จ-ศ 11:00-22:00 / ส-อา 10:00-22:00 | J30: +66 92 253 9251 | K30: =HYPERLINK("https://www.google.com/maps/search/?api=1&query=Supanniga%20Eating%20Room%20Tha%20Tien&query_place_id=ChIJjZS9RwSZ4jARNZMgiT03fJ4","เปิดแผนที่") -> เปิดแผนที่ | L30: เปิดให้บริการ (มีเวลาทำการใน Google Maps)
A31: 30 | B31: วัดอรุณราชวรารามราชวรมหาวิหาร | C31: ร้านอาหาร | D31: Eat Sight Story Deck | E31: 13.745267 | F31: 100.49095 | G31: 0.31 | H31: 47-79 ซ.ท่าเตียน พระบรมมหาราชวัง พระนคร | I31: ทุกวัน 11:00-22:00 | J31: +66 83 988 8735 | K31: =HYPERLINK("https://www.google.com/maps/search/?api=1&query=Eat%20Sight%20Story%20Deck&query_place_id=ChIJ961s0QWZ4jARvvtf8tT2ZzQ","เปิดแผนที่") -> เปิดแผนที่ | L31: เปิดให้บริการ (มีเวลาทำการใน Google Maps)
A32: 31 | B32: วัดอรุณราชวรารามราชวรมหาวิหาร | C32: ร้านเครื่องดื่ม | D32: ViVi The Coffee Place | E32: 13.743691 | F32: 100.49211 | G32: 0.4 | H32: 394/29 ซ.ปานสุข พระบรมมหาราชวัง พระนคร | I32: ทุกวัน 10:00-20:00 | J32: +66 2 226 4672 | K32: =HYPERLINK("https://www.google.com/maps/search/?api=1&query=ViVi%20The%20Coffee%20Place&query_place_id=ChIJrTG8QwSZ4jAR7y9dYWUsw_o","เปิดแผนที่") -> เปิดแผนที่ | L32: เปิดให้บริการ (มีเวลาทำการใน Google Maps)
A33: 32 | B33: วัดอรุณราชวรารามราชวรมหาวิหาร | C33: ร้านเครื่องดื่ม | D33: Arun-Cafe | E33: 13.742653 | F33: 100.48749 | G33: 0.17 | H33: 169/3 ถ.อรุณอมรินทร์ วัดอรุณ บางกอกใหญ่ | I33: ทุกวัน 09:00-18:00 | J33: - | K33: =HYPERLINK("https://www.google.com/maps/search/?api=1&query=Arun-Cafe&query_place_id=ChIJhbOGK6qZ4jARpbTx6P5md9s","เปิดแผนที่") -> เปิดแผนที่ | L33: เปิดให้บริการ (มีเวลาทำการใน Google Maps)
A34: 33 | B34: วัดอรุณราชวรารามราชวรมหาวิหาร | C34: ร้านเครื่องดื่ม | D34: gunsbake.cafe | E34: 13.741682 | F34: 100.48632 | G34: 0.33 | H34: 39/7 ถ.วังเดิม วัดอรุณ บางกอกใหญ่ | I34: จ 10:00-18:00 / พ 10:00-16:00 / พฤ 10:00-18:00 / ศ 10:00-16:00 / ส 10:00-18:00 / อา 10:00-17:00 (ปิดวันอังคาร) | J34: +66 86 824 5353 | K34: =HYPERLINK("https://www.google.com/maps/search/?api=1&query=gunsbake.cafe&query_place_id=ChIJwznn8QSZ4jARth7RYPTDmAc","เปิดแผนที่") -> เปิดแผนที่ | L34: เปิดให้บริการ (มีเวลาทำการใน Google Maps)
A35: 34 | B35: วัดอรุณราชวรารามราชวรมหาวิหาร | C35: ร้านของหวาน | D35: Before Sunset | E35: 13.744784 | F35: 100.49129 | G35: 0.32 | H35: 40/1 ซ.ประตูนกยูง พระบรมมหาราชวัง พระนคร | I35: ทุกวัน 13:00-20:00 | J35: - | K35: =HYPERLINK("https://www.google.com/maps/search/?api=1&query=Before%20Sunset&query_place_id=ChIJ28Sybv2Z4jARwGxmuwOJbso","เปิดแผนที่") -> เปิดแผนที่ | L35: เปิดให้บริการ (มีเวลาทำการใน Google Maps)
A36: 35 | B36: วัดอรุณราชวรารามราชวรมหาวิหาร | C36: ร้านของหวาน | D36: Priscilla Ice Cream | E36: 13.746548 | F36: 100.48461 | G36: 0.51 | H36: 59 ซ.ริมคลองมอญ วัดอรุณ บางกอกใหญ่ | I36: จ-พฤ 08:00-18:00 / ศ-ส 08:00-20:00 / อา 08:00-19:00 | J36: +66 83 008 7451 | K36: =HYPERLINK("https://www.google.com/maps/search/?api=1&query=Priscilla%20Ice%20Cream&query_place_id=ChIJ321kK3GZ4jAR2rRWuWXBPMw","เปิดแผนที่") -> เปิดแผนที่ | L36: เปิดให้บริการ (มีเวลาทำการใน Google Maps)
A37: 36 | B37: วัดอรุณราชวรารามราชวรมหาวิหาร | C37: ร้านของหวาน | D37: Ice Therapy (ไอศกรีมเจลาโต้) | E37: 13.741523 | F37: 100.48604 | G37: 0.37 | H37: 105 ถ.วังเดิม วัดอรุณ บางกอกใหญ่ | I37: จ,อ,พฤ-อา 12:00-20:00 (ปิดวันพุธ) | J37: +66 95 775 9794 | K37: =HYPERLINK("https://www.google.com/maps/search/?api=1&query=Ice%20Therapy%20%28%E0%B9%84%E0%B8%AD%E0%B8%A8%E0%B8%81%E0%B8%A3%E0%B8%B5%E0%B8%A1%E0%B9%80%E0%B8%88%E0%B8%A5%E0%B8%B2%E0%B9%82%E0%B8%95%E0%B9%89%29&query_place_id=ChIJJQLvOwCZ4jARUyBcQD86DEY","เปิดแผนที่") -> เปิดแผนที่ | L37: เปิดให้บริการ (มีเวลาทำการใน Google Maps)
A38: 37 | B38: วัดปากน้ำภาษีเจริญ | C38: ร้านอาหาร | D38: ร้านตุ้มอร่อย คาเฟ่ Toomaroi Café | E38: 13.718533 | F38: 100.46772 | G38: 0.46 | H38: 119/18 ถ.เทอดไท ปากคลองภาษีเจริญ ภาษีเจริญ | I38: จ,อ,ศ-อา 09:30-17:30 (ปิดพุธ-พฤหัสบดี) | J38: +66 95 998 7928 | K38: =HYPERLINK(_xlfn._LONGTEXT("https://www.google.com/maps/search/?api=1&query=%E0%B8%A3%E0%B9%89%E0%B8%B2%E0%B8%99%E0%B8%95%E0%B8%B8%E0%B9%89%E0%B8%A1%E0%B8%AD%E0%B8%A3%E0%B9%88%E0%B8%AD%E0%B8%A2%20%E0%B8%84%E0%B8%B2%E0%B9%80%E0%B8%9F%E0%B9%88%20Toomaroi%20Caf%C3%A9&query_place_id=ChI","JT3ZAob-Z4jARZKL_lsJzvVY"),"เปิดแผนที่") -> #VALUE! | L38: เปิดให้บริการ (มีเวลาทำการใน Google Maps)
A39: 38 | B39: วัดปากน้ำภาษีเจริญ | C39: ร้านอาหาร | D39: Hidden Bangkok Bistro | E39: 13.721551 | F39: 100.47194 | G39: 0.17 | H39: 872/8 ซ.เทอดไท 26 ตลาดพลู ธนบุรี | I39: ทุกวัน 09:00-22:00 | J39: +66 90 897 9835 | K39: =HYPERLINK("https://www.google.com/maps/search/?api=1&query=Hidden%20Bangkok%20Bistro&query_place_id=ChIJZ6CYhMaZ4jARJ98e1bZkf5Y","เปิดแผนที่") -> เปิดแผนที่ | L39: เปิดให้บริการ (มีเวลาทำการใน Google Maps)
A40: 39 | B40: วัดปากน้ำภาษีเจริญ | C40: ร้านอาหาร | D40: ฉอเล้ง หมี่กระเฉด ตลาดพลู | E40: 13.720159 | F40: 100.47715 | G40: 0.76 | H40: ซ.เทอดไท 25 ตลาดพลู ธนบุรี | I40: ทุกวัน 11:00-23:00 (เสาร์) | J40: +66 62 569 1465 | K40: =HYPERLINK(_xlfn._LONGTEXT("https://www.google.com/maps/search/?api=1&query=%E0%B8%89%E0%B8%AD%E0%B9%80%E0%B8%A5%E0%B9%89%E0%B8%87%20%E0%B8%AB%E0%B8%A1%E0%B8%B5%E0%B9%88%E0%B8%81%E0%B8%A3%E0%B8%B0%E0%B9%80%E0%B8%89%E0%B8%94%20%E0%B8%95%E0%B8%A5%E0%B8%B2%E0%B8%94%E0%B8%9E%E0%B8%A5%E0","%B8%B9&query_place_id=ChIJ026d7FuY4jARmnM2EpwSY9M"),"เปิดแผนที่") -> #VALUE! | L40: เปิดให้บริการ (มีเวลาทำการใน Google Maps)
A41: 40 | B41: วัดปากน้ำภาษีเจริญ | C41: ร้านเครื่องดื่ม | D41: Meili Cafe เหม่ยลี่คาเฟ่ | E41: 13.722615 | F41: 100.46911 | G41: 0.16 | H41: 196 ปากคลองภาษีเจริญ ภาษีเจริญ | I41: ทุกวัน 09:00-17:30 | J41: +66 82 682 6869 | K41: =HYPERLINK("https://www.google.com/maps/search/?api=1&query=Meili%20Cafe%20%E0%B9%80%E0%B8%AB%E0%B8%A1%E0%B9%88%E0%B8%A2%E0%B8%A5%E0%B8%B5%E0%B9%88%E0%B8%84%E0%B8%B2%E0%B9%80%E0%B8%9F%E0%B9%88&query_place_id=ChIJt441FFyZ4jARjDnyNMSSHCE","เปิดแผนที่") -> เปิดแผนที่ | L41: เปิดให้บริการ (มีเวลาทำการใน Google Maps)
A42: 41 | B42: วัดปากน้ำภาษีเจริญ | C42: ร้านเครื่องดื่ม | D42: Uruea Café (อุรุเอ คาเฟ่) | E42: 13.724611 | F42: 100.47232 | G42: 0.38 | H42: ซ.เพชรเกษม 15 แยก 9 วัดท่าพระ บางกอกใหญ่ | I42: ทุกวัน 10:00-19:00 | J42: +66 61 363 6646 | K42: =HYPERLINK("https://www.google.com/maps/search/?api=1&query=Uruea%20Caf%C3%A9%20%28%E0%B8%AD%E0%B8%B8%E0%B8%A3%E0%B8%B8%E0%B9%80%E0%B8%AD%20%E0%B8%84%E0%B8%B2%E0%B9%80%E0%B8%9F%E0%B9%88%29&query_place_id=ChIJYdBkWayZ4jARyCQGsj2EXnM","เปิดแผนที่") -> เปิดแผนที่ | L42: เปิดให้บริการ (มีเวลาทำการใน Google Maps)
A43: 42 | B43: วัดปากน้ำภาษีเจริญ | C43: ร้านเครื่องดื่ม | D43: Cino (ชิโน่ คาเฟ่) | E43: 13.721053 | F43: 100.47033 | G43: 0.08 | H43: 112/2 วัดปากน้ำ ปากคลองภาษีเจริญ ภาษีเจริญ | I43: จ-ส 09:00-17:00 (ปิดวันอาทิตย์) | J43: - | K43: =HYPERLINK("https://www.google.com/maps/search/?api=1&query=Cino%20%28%E0%B8%8A%E0%B8%B4%E0%B9%82%E0%B8%99%E0%B9%88%20%E0%B8%84%E0%B8%B2%E0%B9%80%E0%B8%9F%E0%B9%88%29&query_place_id=ChIJsZOKY0SY4jAR9YUtLVVi9us","เปิดแผนที่") -> เปิดแผนที่ | L43: เปิดให้บริการ (มีเวลาทำการใน Google Maps)
A44: 43 | B44: วัดปากน้ำภาษีเจริญ | C44: ร้านของหวาน | D44: Ni-Ang Shaved Ice Cream (นิ่ง ไอศกรีมไข่แดง) | E44: 13.720495 | F44: 100.47751 | G44: 0.79 | H44: 919 ซ.เลียบทางรถไฟ ตลาดพลู ธนบุรี | I44: ทุกวัน 15:00-02:00 | J44: +66 81 920 7802 | K44: =HYPERLINK(_xlfn._LONGTEXT("https://www.google.com/maps/search/?api=1&query=Ni-Ang%20Shaved%20Ice%20Cream%20%28%E0%B8%99%E0%B8%B4%E0%B9%88%E0%B8%87%20%E0%B9%84%E0%B8%AD%E0%B8%A8%E0%B8%81%E0%B8%A3%E0%B8%B5%E0%B8%A1%E0%B9%84%E0%B8%82%E0%B9%88%E0%B9%81%E0%B8%94%E0%B8%87%29&query_place_","id=ChIJmZilkluY4jARrhZbeqVgOqQ"),"เปิดแผนที่") -> #VALUE! | L44: เปิดให้บริการ (มีเวลาทำการใน Google Maps)
A45: 44 | B45: วัดปากน้ำภาษีเจริญ | C45: ร้านของหวาน | D45: bāolú | E45: 13.721062 | F45: 100.47681 | G45: 0.7 | H45: ปากซ.เทอดไท 20 ตลาดพลู ธนบุรี | I45: ทุกวัน 15:00-23:00 (เสาร์) | J45: +66 81 838 4480 | K45: =HYPERLINK("https://www.google.com/maps/search/?api=1&query=b%C4%81ol%C3%BA&query_place_id=ChIJbxDHe5aZ4jARisr7Zv3inFw","เปิดแผนที่") -> เปิดแผนที่ | L45: เปิดให้บริการ (มีเวลาทำการใน Google Maps)
A46: 45 | B46: วัดปากน้ำภาษีเจริญ | C46: ร้านของหวาน | D46: Family Bakery | E46: 13.719025 | F46: 100.47542 | G46: 0.63 | H46: 66/6 ซ.เทอดไท 33 ตลาดพลู ธนบุรี | I46: ทุกวัน 07:00-21:00 (เสาร์) | J46: +66 2 465 6004 | K46: =HYPERLINK("https://www.google.com/maps/search/?api=1&query=Family%20Bakery&query_place_id=ChIJkSZ-Y1uY4jARBUk3CwCBWZU","เปิดแผนที่") -> เปิดแผนที่ | L46: เปิดให้บริการ (มีเวลาทำการใน Google Maps)
A47: 46 | B47: บรรทัดทอง (ถ.บรรทัดทอง) | C47: ร้านอาหาร | D47: Jae Keang (Banthat Thong) | E47: 13.74618 | F47: 100.52365 | G47: 0.78 | H47: 679 ถ.บรรทัดทอง วังใหม่ ปทุมวัน | I47: ทุกวัน 16:00-24:00 | J47: +66 86 884 4352 | K47: =HYPERLINK("https://www.google.com/maps/search/?api=1&query=Jae%20Keang%20%28Banthat%20Thong%29&query_place_id=ChIJd0oN2SmZ4jARvT7TiGUmDGs","เปิดแผนที่") -> เปิดแผนที่ | L47: เปิดให้บริการ (มีเวลาทำการใน Google Maps)
A48: 47 | B48: บรรทัดทอง (ถ.บรรทัดทอง) | C48: ร้านอาหาร | D48: Pa Nee Kung Chae Nam Pla (ป้านีกุ้งแช่น้ำปลา) | E48: 13.742889 | F48: 100.5237 | G48: 0.42 | H48: 36 ซ.จุฬาฯ 14 วังใหม่ ปทุมวัน | I48: ทุกวัน 16:00-22:00 | J48: +66 90 646 9224 | K48: =HYPERLINK(_xlfn._LONGTEXT("https://www.google.com/maps/search/?api=1&query=Pa%20Nee%20Kung%20Chae%20Nam%20Pla%20%28%E0%B8%9B%E0%B9%89%E0%B8%B2%E0%B8%99%E0%B8%B5%E0%B8%81%E0%B8%B8%E0%B9%89%E0%B8%87%E0%B9%81%E0%B8%8A%E0%B9%88%E0%B8%99%E0%B9%89%E0%B8%B3%E0%B8%9B%E0%B8%A5%E0%B8%B2%29&q","uery_place_id=ChIJicM_KrqZ4jARknIcSUkpVdg"),"เปิดแผนที่") -> #VALUE! | L48: เปิดให้บริการ (มีเวลาทำการใน Google Maps)
A49: 48 | B49: บรรทัดทอง (ถ.บรรทัดทอง) | C49: ร้านอาหาร | D49: Somboon Seafood (สมบูรณ์โภชนา บรรทัดทอง) | E49: 13.745208 | F49: 100.5239 | G49: 0.67 | H49: 895/6-21 ถ.บรรทัดทอง วังใหม่ ปทุมวัน | I49: ทุกวัน 11:00-22:00 | J49: +66 2 216 4203 | K49: =HYPERLINK(_xlfn._LONGTEXT("https://www.google.com/maps/search/?api=1&query=Somboon%20Seafood%20%28%E0%B8%AA%E0%B8%A1%E0%B8%9A%E0%B8%B9%E0%B8%A3%E0%B8%93%E0%B9%8C%E0%B9%82%E0%B8%A0%E0%B8%8A%E0%B8%99%E0%B8%B2%20%E0%B8%9A%E0%B8%A3%E0%B8%A3%E0%B8%97%E0%B8%B1%E0%B8%94%E0%B8%97%E0%B8%AD%","E0%B8%87%29&query_place_id=ChIJe_8_Ci6Z4jARqgBTNie9XqE"),"เปิดแผนที่") -> #VALUE! | L49: เปิดให้บริการ (มีเวลาทำการใน Google Maps)
A50: 49 | B50: บรรทัดทอง (ถ.บรรทัดทอง) | C50: ร้านเครื่องดื่ม | D50: Everyday Thai Tea (Head Quarter) | E50: 13.743727 | F50: 100.5237 | G50: 0.51 | H50: 13 ซ.จุฬาลงกรณ์ 12 รองเมือง ปทุมวัน | I50: ทุกวัน 10:00-21:00 | J50: +66 81 235 3926 | K50: =HYPERLINK("https://www.google.com/maps/search/?api=1&query=Everyday%20Thai%20Tea%20%28Head%20Quarter%29&query_place_id=ChIJ3zD-QBaZ4jARgbCPH2kTR3w","เปิดแผนที่") -> เปิดแผนที่ | L50: เปิดให้บริการ (มีเวลาทำการใน Google Maps)
A51: 50 | B51: บรรทัดทอง (ถ.บรรทัดทอง) | C51: ร้านเครื่องดื่ม | D51: TEA PEARL | E51: 13.745036 | F51: 100.52322 | G51: 0.66 | H51: 1324 ถ.บรรทัดทอง วังใหม่ ปทุมวัน | I51: ทุกวัน 12:00-24:00 | J51: +66 90 915 2199 | K51: =HYPERLINK("https://www.google.com/maps/search/?api=1&query=TEA%20PEARL&query_place_id=ChIJlZGKHACZ4jARL-eA4Ie6SwI","เปิดแผนที่") -> เปิดแผนที่ | L51: เปิดให้บริการ (มีเวลาทำการใน Google Maps)
A52: 51 | B52: บรรทัดทอง (ถ.บรรทัดทอง) | C52: ร้านเครื่องดื่ม | D52: Nokhook House Cafe | E52: 13.742764 | F52: 100.52275 | G52: 0.43 | H52: 1444 ถ.บรรทัดทอง วังใหม่ ปทุมวัน | I52: จ 09:00-02:00 / อ-พฤ 16:30-01:30 / ศ-อา 16:30-02:00 | J52: +66 97 424 2363 | K52: =HYPERLINK("https://www.google.com/maps/search/?api=1&query=Nokhook%20House%20Cafe&query_place_id=ChIJ5UstNruZ4jAR8IvFsMS0bH8","เปิดแผนที่") -> เปิดแผนที่ | L52: เปิดให้บริการ (มีเวลาทำการใน Google Maps)
A53: 52 | B53: บรรทัดทอง (ถ.บรรทัดทอง) | C53: ร้านของหวาน | D53: Bingbun | E53: 13.740902 | F53: 100.5224 | G53: 0.28 | H53: 1638 ถ.บรรทัดทอง วังใหม่ ปทุมวัน | I53: ทุกวัน 16:00-24:00 | J53: - | K53: =HYPERLINK("https://www.google.com/maps/search/?api=1&query=Bingbun&query_place_id=ChIJx-0SOgCZ4jARpHRMxuLkE88","เปิดแผนที่") -> เปิดแผนที่ | L53: เปิดให้บริการ (มีเวลาทำการใน Google Maps)
A54: 53 | B54: บรรทัดทอง (ถ.บรรทัดทอง) | C54: ร้านของหวาน | D54: Jae Wan (เจ๊แวน) | E54: 13.739649 | F54: 100.52222 | G54: 0.23 | H54: 1700 ถ.บรรทัดทอง รองเมือง ปทุมวัน | I54: ทุกวัน 13:45-23:30 (อาทิตย์ 13:30) | J54: +66 81 421 3761 | K54: =HYPERLINK("https://www.google.com/maps/search/?api=1&query=Jae%20Wan%20%28%E0%B9%80%E0%B8%88%E0%B9%8A%E0%B9%81%E0%B8%A7%E0%B8%99%29&query_place_id=ChIJFzK8PimZ4jARnkqwKGrzLts","เปิดแผนที่") -> เปิดแผนที่ | L54: เปิดให้บริการ (มีเวลาทำการใน Google Maps)
A55: 54 | B55: บรรทัดทอง (ถ.บรรทัดทอง) | C55: ร้านของหวาน | D55: แก้วกล้า ขนมหวานกะทิสด (KK Thai Dessert) | E55: 13.739114 | F55: 100.52208 | G55: 0.24 | H55: 1786 ถ.บรรทัดทอง วังใหม่ ปทุมวัน | I55: ทุกวัน 12:00-03:00 | J55: +66 61 878 7855 | K55: =HYPERLINK(_xlfn._LONGTEXT("https://www.google.com/maps/search/?api=1&query=%E0%B9%81%E0%B8%81%E0%B9%89%E0%B8%A7%E0%B8%81%E0%B8%A5%E0%B9%89%E0%B8%B2%20%E0%B8%82%E0%B8%99%E0%B8%A1%E0%B8%AB%E0%B8%A7%E0%B8%B2%E0%B8%99%E0%B8%81%E0%B8%B0%E0%B8%97%E0%B8%B4%E0%B8%AA%E0%B8%94%20%28KK%20Thai","%20Dessert%29&query_place_id=ChIJ3Zne-SeZ4jARToMmi_3aK_s"),"เปิดแผนที่") -> #VALUE! | L55: เปิดให้บริการ (มีเวลาทำการใน Google Maps)
A56: 55 | B56: เยาวราช | C56: ร้านอาหาร | D56: HAGOW Yaowarat | E56: 13.740744 | F56: 100.5094 | G56: 0.13 | H56: 387 ถ.เยาวราช สัมพันธวงศ์ | I56: ทุกวัน 11:00-21:30 (เสาร์) | J56: +66 63 956 2752 | K56: =HYPERLINK("https://www.google.com/maps/search/?api=1&query=HAGOW%20Yaowarat&query_place_id=ChIJg_OawsSZ4jARhar1F01_csQ","เปิดแผนที่") -> เปิดแผนที่ | L56: เปิดให้บริการ (มีเวลาทำการใน Google Maps)
A57: 56 | B57: เยาวราช | C57: ร้านอาหาร | D57: Laoteng (เล่าเต็ง) | E57: 13.740204 | F57: 100.50991 | G57: 0.06 | H57: 438 ชั้น 2 ถ.เยาวราช สัมพันธวงศ์ | I57: ทุกวัน 11:00-24:00 (เสาร์) | J57: +66 96 245 4242 | K57: =HYPERLINK("https://www.google.com/maps/search/?api=1&query=Laoteng%20%28%E0%B9%80%E0%B8%A5%E0%B9%88%E0%B8%B2%E0%B9%80%E0%B8%95%E0%B9%87%E0%B8%87%29&query_place_id=ChIJJ03QjGOZ4jARdUW-bCQ2u2s","เปิดแผนที่") -> เปิดแผนที่ | L57: เปิดให้บริการ (มีเวลาทำการใน Google Maps)
A58: 57 | B58: เยาวราช | C58: ร้านอาหาร | D58: Xie Chinatown | E58: 13.740129 | F58: 100.51008 | G58: 0.05 | H58: 446 ถ.เยาวราช สัมพันธวงศ์ | I58: ทุกวัน 15:30-00:30 (เสาร์) | J58: +66 96 915 6659 | K58: =HYPERLINK("https://www.google.com/maps/search/?api=1&query=Xie%20Chinatown&query_place_id=ChIJqcfmnCGZ4jARBiLzwaax2hQ","เปิดแผนที่") -> เปิดแผนที่ | L58: เปิดให้บริการ (มีเวลาทำการใน Google Maps)
A59: 58 | B59: เยาวราช | C59: ร้านเครื่องดื่ม | D59: Double Dogs Tearoom | E59: 13.740631 | F59: 100.50918 | G59: 0.13 | H59: 406 ถ.เยาวราช จักรวรรดิ สัมพันธวงศ์ | I59: พฤ-จ 11:00-18:00 (ปิดอังคาร-พุธ) | J59: +66 86 329 3075 | K59: =HYPERLINK("https://www.google.com/maps/search/?api=1&query=Double%20Dogs%20Tearoom&query_place_id=ChIJH79CmBiZ4jARMdjLCASWygc","เปิดแผนที่") -> เปิดแผนที่ | L59: เปิดให้บริการ (มีเวลาทำการใน Google Maps)
A60: 59 | B60: เยาวราช | C60: ร้านเครื่องดื่ม | D60: Siam Heng Huat Bai Cha Shop (สยามเฮงฮวด) | E60: 13.741114 | F60: 100.50989 | G60: 0.16 | H60: 36-42 ถ.แปลงนาม สัมพันธวงศ์ | I60: ทุกวัน 09:00-21:00 (เสาร์) | J60: +66 63 457 7308 | K60: =HYPERLINK("https://www.google.com/maps/search/?api=1&query=Siam%20Heng%20Huat%20Bai%20Cha%20Shop%20%28%E0%B8%AA%E0%B8%A2%E0%B8%B2%E0%B8%A1%E0%B9%80%E0%B8%AE%E0%B8%87%E0%B8%AE%E0%B8%A7%E0%B8%94%29&query_place_id=ChIJCcEDgCGZ4jARv0rIMlI8o8g","เปิดแผนที่") -> เปิดแผนที่ | L60: เปิดให้บริการ (มีเวลาทำการใน Google Maps)
A61: 60 | B61: เยาวราช | C61: ร้านเครื่องดื่ม | D61: THREE TEA POTS by Ew Kee Tea | E61: 13.742526 | F61: 100.50984 | G61: 0.31 | H61: 465-467 ถ.เจริญกรุง ป้อมปราบ ป้อมปราบฯ | I61: ทุกวัน 10:00-19:00 (เสาร์) | J61: +66 95 516 2125 | K61: =HYPERLINK("https://www.google.com/maps/search/?api=1&query=THREE%20TEA%20POTS%20by%20Ew%20Kee%20Tea&query_place_id=ChIJt5EP4UqZ4jAR4sUvrUikzSE","เปิดแผนที่") -> เปิดแผนที่ | L61: เปิดให้บริการ (มีเวลาทำการใน Google Maps)
A62: 61 | B62: เยาวราช | C62: ร้านของหวาน | D62: Sweettime | E62: 13.740326 | F62: 100.50986 | G62: 0.07 | H62: 436 ถ.เยาวราช สัมพันธวงศ์ | I62: อ-อา 17:30-01:30 (ปิดจันทร์) | J62: +66 86 722 2458 | K62: =HYPERLINK("https://www.google.com/maps/search/?api=1&query=Sweettime&query_place_id=ChIJI5IJnSGZ4jAR_BRDFrSbdH0","เปิดแผนที่") -> เปิดแผนที่ | L62: เปิดให้บริการ (มีเวลาทำการใน Google Maps)
A63: 62 | B63: เยาวราช | C63: ร้านของหวาน | D63: Ba Hao Tian Mi - Yaowarat | E63: 13.740878 | F63: 100.51108 | G63: 0.18 | H63: 8 ถ.พลับพลาไชย/ผดุงด้าว สัมพันธวงศ์ | I63: ทุกวัน 10:00-23:00 (เสาร์) | J63: +66 97 995 4543 | K63: =HYPERLINK("https://www.google.com/maps/search/?api=1&query=Ba%20Hao%20Tian%20Mi%20-%20Yaowarat&query_place_id=ChIJ2dYIoeeZ4jARgBOBTWYpMrw","เปิดแผนที่") -> เปิดแผนที่ | L63: เปิดให้บริการ (มีเวลาทำการใน Google Maps)
A64: 63 | B64: เยาวราช | C64: ร้านของหวาน | D64: Che Muai Mi Wan (เฉ๋าก๊วยหมวยมีหวาน) | E64: 13.742214 | F64: 100.51053 | G64: 0.29 | H64: 534 ซ.เจริญไชย 2 ป้อมปราบ ป้อมปราบฯ | I64: ทุกวัน 09:00-22:00 (เสาร์) | J64: +66 80 621 3050 | K64: =HYPERLINK(_xlfn._LONGTEXT("https://www.google.com/maps/search/?api=1&query=Che%20Muai%20Mi%20Wan%20%28%E0%B9%80%E0%B8%89%E0%B9%8B%E0%B8%B2%E0%B8%81%E0%B9%8A%E0%B8%A7%E0%B8%A2%E0%B8%AB%E0%B8%A1%E0%B8%A7%E0%B8%A2%E0%B8%A1%E0%B8%B5%E0%B8%AB%E0%B8%A7%E0%B8%B2%E0%B8%99%29&query_place_id","=ChIJ87Kr8yGZ4jARCcnpigaGLP4"),"เปิดแผนที่") -> #VALUE! | L64: เปิดให้บริการ (มีเวลาทำการใน Google Maps)
A65: 64 | B65: คลองบางหลวง (Artist House / ตลาดน้ำคลองบางหลวง ภาษีเจริญ) | C65: ร้านอาหาร | D65: Khun Aoi's Kitchen (ครัวคุณอ้อย) | E65: 13.73075 | F65: 100.46354 | G65: 0.06 | H65: 301 ถ.เพชรเกษม คูหาสวรรค์ ภาษีเจริญ | I65: ทุกวัน 07:00-19:00 (เสาร์) | J65: +66 84 076 1002 | K65: =HYPERLINK("https://www.google.com/maps/search/?api=1&query=Khun%20Aoi%27s%20Kitchen%20%28%E0%B8%84%E0%B8%A3%E0%B8%B1%E0%B8%A7%E0%B8%84%E0%B8%B8%E0%B8%93%E0%B8%AD%E0%B9%89%E0%B8%AD%E0%B8%A2%29&query_place_id=ChIJIwWhlEmY4jARKlgNkAARFJQ","เปิดแผนที่") -> เปิดแผนที่ | L65: เปิดให้บริการ (มีเวลาทำการใน Google Maps)
A66: 65 | B66: คลองบางหลวง (Artist House / ตลาดน้ำคลองบางหลวง ภาษีเจริญ) | C66: ร้านอาหาร | D66: Baan Plern Jitt (บ้านเพลินจิต) | E66: 13.73091 | F66: 100.46319 | G66: 0.03 | H66: เชิงสะพานช้าง ซ.เพชรเกษม 20 ภาษีเจริญ | I66: ทุกวัน 11:00-17:00 (ปิดวันพุธ) | J66: +66 97 241 4961 | K66: =HYPERLINK("https://www.google.com/maps/search/?api=1&query=Baan%20Plern%20Jitt%20%28%E0%B8%9A%E0%B9%89%E0%B8%B2%E0%B8%99%E0%B9%80%E0%B8%9E%E0%B8%A5%E0%B8%B4%E0%B8%99%E0%B8%88%E0%B8%B4%E0%B8%95%29&query_place_id=ChIJQd2TUOyZ4jAR_5b3Z6wVvzE","เปิดแผนที่") -> เปิดแผนที่ | L66: เปิดให้บริการ (มีเวลาทำการใน Google Maps)
A67: 66 | B67: คลองบางหลวง (Artist House / ตลาดน้ำคลองบางหลวง ภาษีเจริญ) | C67: ร้านอาหาร | D67: Chaai-Samai 2498 Bangkok | E67: 13.726313 | F67: 100.45898 | G67: 0.72 | H67: 97/2 ซ.เพชรเกษม 28 คูหาสวรรค์ ภาษีเจริญ | I67: ทุกวัน 10:00-20:00 (ปิดวันพุธ) | J67: +66 88 269 9542 | K67: =HYPERLINK("https://www.google.com/maps/search/?api=1&query=Chaai-Samai%202498%20Bangkok&query_place_id=ChIJk4cFjByZ4jAR9rbLbQM3G1c","เปิดแผนที่") -> เปิดแผนที่ | L67: เปิดให้บริการ (มีเวลาทำการใน Google Maps)
A68: 67 | B68: คลองบางหลวง (Artist House / ตลาดน้ำคลองบางหลวง ภาษีเจริญ) | C68: ร้านเครื่องดื่ม | D68: Baan Khlong Luang Cafe Khlongbangluang | E68: 13.73212 | F68: 100.46281 | G68: 0.12 | H68: 503 คลองบางหลวง ซ.เพชรเกษม 28 คูหาสวรรค์ ภาษีเจริญ | I68: ทุกวัน 09:50-18:30 (เสาร์) | J68: - | K68: =HYPERLINK("https://www.google.com/maps/search/?api=1&query=Baan%20Khlong%20Luang%20Cafe%20Khlongbangluang&query_place_id=ChIJ829BuVyZ4jARomvWRybOhI0","เปิดแผนที่") -> เปิดแผนที่ | L68: เปิดให้บริการ (มีเวลาทำการใน Google Maps)
A69: 68 | B69: คลองบางหลวง (Artist House / ตลาดน้ำคลองบางหลวง ภาษีเจริญ) | C69: ร้านเครื่องดื่ม | D69: คาเฟ่บ้านพึ่งศิลป์ | E69: 13.730842 | F69: 100.46345 | G69: 0.04 | H69: 297 ซ.เพชรเกษม 20 ปากคลองภาษีเจริญ | I69: ทุกวัน 09:30-18:30 (เสาร์) | J69: +66 84 076 1002 | K69: =HYPERLINK("https://www.google.com/maps/search/?api=1&query=%E0%B8%84%E0%B8%B2%E0%B9%80%E0%B8%9F%E0%B9%88%E0%B8%9A%E0%B9%89%E0%B8%B2%E0%B8%99%E0%B8%9E%E0%B8%B6%E0%B9%88%E0%B8%87%E0%B8%A8%E0%B8%B4%E0%B8%A5%E0%B8%9B%E0%B9%8C&query_place_id=ChIJdwVRcayZ4jARWYOrvCMw5XM","เปิดแผนที่") -> เปิดแผนที่ | L69: เปิดให้บริการ (มีเวลาทำการใน Google Maps)
A70: 69 | B70: คลองบางหลวง (Artist House / ตลาดน้ำคลองบางหลวง ภาษีเจริญ) | C70: ร้านเครื่องดื่ม | D70: The Artist House Bangkok (คาเฟ่ในบ้านศิลปิน) | E70: 13.731232 | F70: 100.46333 | G70: 0.01 | H70: 309 ถ.เพชรเกษม คูหาสวรรค์ ภาษีเจริญ | I70: จ-ศ,อา 10:00-18:00 / ส 10:00-19:00 | J70: +66 65 691 5655 | K70: =HYPERLINK(_xlfn._LONGTEXT("https://www.google.com/maps/search/?api=1&query=The%20Artist%20House%20Bangkok%20%28%E0%B8%84%E0%B8%B2%E0%B9%80%E0%B8%9F%E0%B9%88%E0%B9%83%E0%B8%99%E0%B8%9A%E0%B9%89%E0%B8%B2%E0%B8%99%E0%B8%A8%E0%B8%B4%E0%B8%A5%E0%B8%9B%E0%B8%B4%E0%B8%99%29&query_place_id","=ChIJF6uVAzt9HTEROKM0WKZMU7M"),"เปิดแผนที่") -> #VALUE! | L70: เปิดให้บริการ (มีเวลาทำการใน Google Maps)
A71: 70 | B71: คลองบางหลวง (Artist House / ตลาดน้ำคลองบางหลวง ภาษีเจริญ) | C71: ร้านของหวาน | D71: ขนมเบื้องแม่แอด (คลองบางหลวง) | E71: 13.73047 | F71: 100.46355 | G71: 0.09 | H71: ซ.เพชรเกษม 20 ปากคลองภาษีเจริญ | I71: ทุกวัน 12:00-18:00 (เสาร์) | J71: +66 94 551 5308 | K71: =HYPERLINK(_xlfn._LONGTEXT("https://www.google.com/maps/search/?api=1&query=%E0%B8%82%E0%B8%99%E0%B8%A1%E0%B9%80%E0%B8%9A%E0%B8%B7%E0%B9%89%E0%B8%AD%E0%B8%87%E0%B9%81%E0%B8%A1%E0%B9%88%E0%B9%81%E0%B8%AD%E0%B8%94%20%28%E0%B8%84%E0%B8%A5%E0%B8%AD%E0%B8%87%E0%B8%9A%E0%B8%B2%E0%B8%87%E0","%B8%AB%E0%B8%A5%E0%B8%A7%E0%B8%87%29&query_place_id=ChIJIRC5fQCZ4jARxXARpHOPKzM"),"เปิดแผนที่") -> #VALUE! | L71: เปิดให้บริการ (มีเวลาทำการใน Google Maps)
A72: 71 | B72: คลองบางหลวง (Artist House / ตลาดน้ำคลองบางหลวง ภาษีเจริญ) | C72: ร้านของหวาน | D72: เศรษฐีนี ขนมไทย (Zetinee) | E72: 13.73043 | F72: 100.46417 | G72: 0.13 | H72: 1330/32 ซ.พิสิษฐ์บรรณากร วัดท่าพระ บางกอกใหญ่ | I72: ทุกวัน 10:00-18:00 (เสาร์) | J72: +66 65 662 6559 | K72: =HYPERLINK("https://www.google.com/maps/search/?api=1&query=%E0%B9%80%E0%B8%A8%E0%B8%A3%E0%B8%A9%E0%B8%90%E0%B8%B5%E0%B8%99%E0%B8%B5%20%E0%B8%82%E0%B8%99%E0%B8%A1%E0%B9%84%E0%B8%97%E0%B8%A2%20%28Zetinee%29&query_place_id=ChIJT9ICBAOZ4jARCo3fwpDrQmw","เปิดแผนที่") -> เปิดแผนที่ | L72: เปิดให้บริการ (มีเวลาทำการใน Google Maps)
A73: 72 | B73: คลองบางหลวง (Artist House / ตลาดน้ำคลองบางหลวง ภาษีเจริญ) | C73: ร้านของหวาน | D73: Meow Meow Roll - ขนมโตเกียว | E73: 13.7316 | F73: 100.46248 | G73: 0.1 | H73: 178 คูหาสวรรค์ ภาษีเจริญ | I73: พฤ-อา 11:00-17:30 (ปิดจ-พ) | J73: +66 85 075 5599 | K73: =HYPERLINK("https://www.google.com/maps/search/?api=1&query=Meow%20Meow%20Roll%20-%20%E0%B8%82%E0%B8%99%E0%B8%A1%E0%B9%82%E0%B8%95%E0%B9%80%E0%B8%81%E0%B8%B5%E0%B8%A2%E0%B8%A7&query_place_id=ChIJ-xFr-ieZ4jAR7Eyiebjcuwc","เปิดแผนที่") -> เปิดแผนที่ | L73: เปิดให้บริการ (มีเวลาทำการใน Google Maps)
A74: 73 | B74: ย่านพระอาทิตย์ (ถ.พระอาทิตย์ บางลำพู) | C74: ร้านอาหาร | D74: Nopparat Cuisine and Gallery | E74: 13.76354 | F74: 100.49551 | G74: 0.12 | H74: 130-7/132 ถ.พระอาทิตย์ ชนะสงคราม พระนคร | I74: อ-อา 11:00-14:30, 17:30-21:00 (ปิดจันทร์) | J74: +66 81 850 0770 | K74: =HYPERLINK("https://www.google.com/maps/search/?api=1&query=Nopparat%20Cuisine%20and%20Gallery&query_place_id=ChIJOcegC3KZ4jARcSGQACiRaHw","เปิดแผนที่") -> เปิดแผนที่ | L74: เปิดให้บริการ (มีเวลาทำการใน Google Maps)
A75: 74 | B75: ย่านพระอาทิตย์ (ถ.พระอาทิตย์ บางลำพู) | C75: ร้านอาหาร | D75: Arthit Noodle Club | ก๋วยเตี๋ยวต้มยำ | E75: 13.76347 | F75: 100.4943 | G75: 0.04 | H75: 47/1 ถ.พระอาทิตย์ ชนะสงคราม พระนคร | I75: ทุกวัน 09:00-19:00 (เสาร์) | J75: +66 92 250 0984 | K75: =HYPERLINK(_xlfn._LONGTEXT("https://www.google.com/maps/search/?api=1&query=Arthit%20Noodle%20Club%20%7C%20%E0%B8%81%E0%B9%8B%E0%B8%A7%E0%B8%A2%E0%B9%80%E0%B8%95%E0%B8%B5%E0%B9%8B%E0%B8%A2%E0%B8%A7%E0%B8%95%E0%B9%89%E0%B8%A1%E0%B8%A2%E0%B8%B3&query_place_id=ChIJbRv0f9uZ4jAR9pXEQs6Vc","4Y"),"เปิดแผนที่") -> #VALUE! | L75: เปิดให้บริการ (มีเวลาทำการใน Google Maps)
A76: 75 | B76: ย่านพระอาทิตย์ (ถ.พระอาทิตย์ บางลำพู) | C76: ร้านอาหาร | D76: Botanic Backyard Bar & Restaurant | E76: 13.76184 | F76: 100.49465 | G76: 0.15 | H76: 25/1 ตรอกชนะสงคราม ซ.รามบุตรี หลังวัดชนะสงคราม | I76: ทุกวัน 10:00-24:00 (เสาร์) | J76: +66 89 973 9918 | K76: =HYPERLINK("https://www.google.com/maps/search/?api=1&query=Botanic%20Backyard%20Bar%20%26%20Restaurant&query_place_id=ChIJMwd7y3-Z4jAR6jv3ZlUVEC0","เปิดแผนที่") -> เปิดแผนที่ | L76: เปิดให้บริการ (มีเวลาทำการใน Google Maps)
A77: 76 | B77: ย่านพระอาทิตย์ (ถ.พระอาทิตย์ บางลำพู) | C77: ร้านเครื่องดื่ม | D77: Petit Soleil | E77: 13.76237 | F77: 100.49321 | G77: 0.17 | H77: 23 ถ.พระอาทิตย์ ชนะสงคราม พระนคร | I77: ทุกวัน 07:00-19:00 (เสาร์) | J77: +66 86 303 2811 | K77: =HYPERLINK("https://www.google.com/maps/search/?api=1&query=Petit%20Soleil&query_place_id=ChIJO7ptd-OZ4jARRc08spnhUY4","เปิดแผนที่") -> เปิดแผนที่ | L77: เปิดให้บริการ (มีเวลาทำการใน Google Maps)
A78: 77 | B78: ย่านพระอาทิตย์ (ถ.พระอาทิตย์ บางลำพู) | C78: ร้านเครื่องดื่ม | D78: The Sourdough Club | E78: 13.76353 | F78: 100.49425 | G78: 0.05 | H78: 47 ถ.พระอาทิตย์ ชนะสงคราม พระนคร | I78: ทุกวัน 08:00-17:00 (เสาร์) | J78: +66 89 788 5222 | K78: =HYPERLINK("https://www.google.com/maps/search/?api=1&query=The%20Sourdough%20Club&query_place_id=ChIJlYLfvU6Z4jARmwl8wPMYGCw","เปิดแผนที่") -> เปิดแผนที่ | L78: เปิดให้บริการ (มีเวลาทำการใน Google Maps)
A79: 78 | B79: ย่านพระอาทิตย์ (ถ.พระอาทิตย์ บางลำพู) | C79: ร้านเครื่องดื่ม | D79: Sheepshank Public House | E79: 13.76358 | F79: 100.49429 | G79: 0.05 | H79: 47 ถ.พระอาทิตย์ ชนะสงคราม พระนคร | I79: ทุกวัน 11:00-01:00 (เสาร์) | J79: +66 2 629 5165 | K79: =HYPERLINK("https://www.google.com/maps/search/?api=1&query=Sheepshank%20Public%20House&query_place_id=ChIJSWv0PnKZ4jAR5t3IqO36gUA","เปิดแผนที่") -> เปิดแผนที่ | L79: เปิดให้บริการ (มีเวลาทำการใน Google Maps)
A80: 79 | B80: ย่านพระอาทิตย์ (ถ.พระอาทิตย์ บางลำพู) | C80: ร้านของหวาน | D80: Coconut Culture Bangkok | E80: 13.76273 | F80: 100.49453 | G80: 0.05 | H80: 100/6 ถ.พระอาทิตย์ ชนะสงคราม พระนคร | I80: ทุกวัน 10:00-20:00 (เสาร์) | J80: +66 98 903 4714 | K80: =HYPERLINK("https://www.google.com/maps/search/?api=1&query=Coconut%20Culture%20Bangkok&query_place_id=ChIJtdWsZleZ4jARJHddpcihlco","เปิดแผนที่") -> เปิดแผนที่ | L80: เปิดให้บริการ (มีเวลาทำการใน Google Maps)
A81: 80 | B81: ย่านพระอาทิตย์ (ถ.พระอาทิตย์ บางลำพู) | C81: ร้านของหวาน | D81: CIT Coconut Ice Cream | E81: 13.76327 | F81: 100.49467 | G81: 0.02 | H81: 47/1 ถ.พระอาทิตย์ ชนะสงคราม พระนคร | I81: อ-อา 10:00-17:30 (ปิดจันทร์) | J81: - | K81: =HYPERLINK("https://www.google.com/maps/search/?api=1&query=CIT%20Coconut%20Ice%20Cream&query_place_id=ChIJ39FsRACZ4jARUDpm-30ycuY","เปิดแผนที่") -> เปิดแผนที่ | L81: เปิดให้บริการ (มีเวลาทำการใน Google Maps)
A82: 81 | B82: ย่านพระอาทิตย์ (ถ.พระอาทิตย์ บางลำพู) | C82: ร้านของหวาน | D82: ร้านขนมไทย แม่งามจิต บางลำพู | E82: 13.76255 | F82: 100.49794 | G82: 0.38 | H82: 152 ถ.พระสุเมรุ ชนะสงคราม พระนคร | I82: ทุกวัน 09:00-18:00 (เสาร์) | J82: - | K82: =HYPERLINK(_xlfn._LONGTEXT("https://www.google.com/maps/search/?api=1&query=%E0%B8%A3%E0%B9%89%E0%B8%B2%E0%B8%99%E0%B8%82%E0%B8%99%E0%B8%A1%E0%B9%84%E0%B8%97%E0%B8%A2%20%E0%B9%81%E0%B8%A1%E0%B9%88%E0%B8%87%E0%B8%B2%E0%B8%A1%E0%B8%88%E0%B8%B4%E0%B8%95%20%E0%B8%9A%E0%B8%B2%E0%B8%87%E0","%B8%A5%E0%B8%B3%E0%B8%9E%E0%B8%B9&query_place_id=ChIJwb40l2yZ4jAR1fitphBOjAU"),"เปิดแผนที่") -> #VALUE! | L82: เปิดให้บริการ (มีเวลาทำการใน Google Maps)
A83: 82 | B83: หอศิลปวัฒนธรรมแห่งกรุงเทพมหานคร (BACC) | C83: ร้านอาหาร | D83: Pu Tie Shrimp Wonton Noodles (ปูตี๊ บะหมี่เกี๊ยวกุ้ง) | E83: 13.74665 | F83: 100.53039 | G83: 0.02 | H83: 933/1-7 ถ.พระราม 1 วังใหม่ ปทุมวัน | I83: อ-อา 11:00-18:40 (ปิดจันทร์) | J83: - | K83: =HYPERLINK(_xlfn._LONGTEXT("https://www.google.com/maps/search/?api=1&query=Pu%20Tie%20Shrimp%20Wonton%20Noodles%20%28%E0%B8%9B%E0%B8%B9%E0%B8%95%E0%B8%B5%E0%B9%8A%20%E0%B8%9A%E0%B8%B0%E0%B8%AB%E0%B8%A1%E0%B8%B5%E0%B9%88%E0%B9%80%E0%B8%81%E0%B8%B5%E0%B9%8A%E0%B8%A2%E0%B8%A7%E0%B8%81","%E0%B8%B8%E0%B9%89%E0%B8%87%29&query_place_id=ChIJOT6MWs2e4jARBD-fu38Nrho"),"เปิดแผนที่") -> #VALUE! | L83: เปิดให้บริการ (มีเวลาทำการใน Google Maps)
A84: 83 | B84: หอศิลปวัฒนธรรมแห่งกรุงเทพมหานคร (BACC) | C84: ร้านอาหาร | D84: KrobKun (กรอบคุณ) ชั้น 2 BACC | E84: 13.74672 | F84: 100.53016 | G84: 0.01 | H84: ชั้น 2 BACC 939 ถ.พระราม 1 วังใหม่ ปทุมวัน | I84: อ-อา 11:00-18:30 (ปิดจันทร์) | J84: +66 95 246 6942 | K84: =HYPERLINK("https://www.google.com/maps/search/?api=1&query=KrobKun%20%28%E0%B8%81%E0%B8%A3%E0%B8%AD%E0%B8%9A%E0%B8%84%E0%B8%B8%E0%B8%93%29%20%E0%B8%8A%E0%B8%B1%E0%B9%89%E0%B8%99%202%20BACC&query_place_id=ChIJq5Vg_qyf4jARBngvlHb1nhQ","เปิดแผนที่") -> เปิดแผนที่ | L84: เปิดให้บริการ (มีเวลาทำการใน Google Maps)
A85: 84 | B85: หอศิลปวัฒนธรรมแห่งกรุงเทพมหานคร (BACC) | C85: ร้านอาหาร | D85: Le Pla Daak (เลอปลาแดก) ชั้น 4 BACC | E85: 13.74683 | F85: 100.53044 | G85: 0.03 | H85: ชั้น 4 BACC 939 ถ.พระราม 1 วังใหม่ ปทุมวัน | I85: อ-อา 10:30-19:00 (ปิดจันทร์) | J85: +66 95 390 9245 | K85: =HYPERLINK("https://www.google.com/maps/search/?api=1&query=Le%20Pla%20Daak%20%28%E0%B9%80%E0%B8%A5%E0%B8%AD%E0%B8%9B%E0%B8%A5%E0%B8%B2%E0%B9%81%E0%B8%94%E0%B8%81%29%20%E0%B8%8A%E0%B8%B1%E0%B9%89%E0%B8%99%204%20BACC&query_place_id=ChIJx5kHh42f4jARhsqSPkVXyi8","เปิดแผนที่") -> เปิดแผนที่ | L85: เปิดให้บริการ (มีเวลาทำการใน Google Maps)
A86: 85 | B86: หอศิลปวัฒนธรรมแห่งกรุงเทพมหานคร (BACC) | C86: ร้านเครื่องดื่ม | D86: Gallery Drip Coffee | E86: 13.74669 | F86: 100.53043 | G86: 0.02 | H86: BACC 939 ถ.พระราม 1 วังใหม่ ปทุมวัน | I86: อ-อา 10:30-19:30 (ปิดจันทร์) | J86: +66 81 917 2131 | K86: =HYPERLINK("https://www.google.com/maps/search/?api=1&query=Gallery%20Drip%20Coffee&query_place_id=ChIJ6e7hT82e4jAR4HgD4RW37Tk","เปิดแผนที่") -> เปิดแผนที่ | L86: เปิดให้บริการ (มีเวลาทำการใน Google Maps)
A87: 86 | B87: หอศิลปวัฒนธรรมแห่งกรุงเทพมหานคร (BACC) | C87: ร้านเครื่องดื่ม | D87: Booms (ชั้น 3 BACC) | E87: 13.74677 | F87: 100.53037 | G87: 0.02 | H87: ชั้น 3 BACC 939 ถ.พระราม 1 วังใหม่ ปทุมวัน | I87: อ-อา 10:00-19:00 (ปิดจันทร์) | J87: +66 92 394 5993 | K87: =HYPERLINK("https://www.google.com/maps/search/?api=1&query=Booms%20%28%E0%B8%8A%E0%B8%B1%E0%B9%89%E0%B8%99%203%20BACC%29&query_place_id=ChIJvVfRke6Z4jARtfVQBDEcrGs","เปิดแผนที่") -> เปิดแผนที่ | L87: เปิดให้บริการ (มีเวลาทำการใน Google Maps)
A88: 87 | B88: หอศิลปวัฒนธรรมแห่งกรุงเทพมหานคร (BACC) | C88: ร้านเครื่องดื่ม | D88: LIBI HOME | E88: 13.74845 | F88: 100.52875 | G88: 0.25 | H88: 9 ซ.เกษมสันต์ 2 วังใหม่ ปทุมวัน | I88: ทุกวัน 09:00-18:00 (เสาร์) | J88: +66 82 919 1591 | K88: =HYPERLINK("https://www.google.com/maps/search/?api=1&query=LIBI%20HOME&query_place_id=ChIJtbPNdyeZ4jAREEaHyqnCwQQ","เปิดแผนที่") -> เปิดแผนที่ | L88: เปิดให้บริการ (มีเวลาทำการใน Google Maps)
A89: 88 | B89: หอศิลปวัฒนธรรมแห่งกรุงเทพมหานคร (BACC) | C89: ร้านของหวาน | D89: kanomsiam Siam Paragon (ขนมสยาม) | E89: 13.74682 | F89: 100.53509 | G89: 0.53 | H89: ชั้น G สยามพารากอน 991 ถ.พระราม 1 ปทุมวัน | I89: ทุกวัน 10:00-22:00 (เสาร์) | J89: +66 62 936 5392 | K89: =HYPERLINK("https://www.google.com/maps/search/?api=1&query=kanomsiam%20Siam%20Paragon%20%28%E0%B8%82%E0%B8%99%E0%B8%A1%E0%B8%AA%E0%B8%A2%E0%B8%B2%E0%B8%A1%29&query_place_id=ChIJ7c1QQqOZ4jARG6a6kPo38oo","เปิดแผนที่") -> เปิดแผนที่ | L89: เปิดให้บริการ (มีเวลาทำการใน Google Maps)
A90: 89 | B90: หอศิลปวัฒนธรรมแห่งกรุงเทพมหานคร (BACC) | C90: ร้านของหวาน | D90: Mil Toast House - Siam Square Soi 3 | E90: 13.74487 | F90: 100.53292 | G90: 0.36 | H90: สยามสแควร์ ซอย 3 ปทุมวัน | I90: ทุกวัน 10:00-23:00 (เสาร์) | J90: +66 94 898 9999 | K90: =HYPERLINK("https://www.google.com/maps/search/?api=1&query=Mil%20Toast%20House%20-%20Siam%20Square%20Soi%203&query_place_id=ChIJxwnzCJKf4jARR8hWRCoTGvI","เปิดแผนที่") -> เปิดแผนที่ | L90: เปิดให้บริการ (มีเวลาทำการใน Google Maps)
A91: 90 | B91: หอศิลปวัฒนธรรมแห่งกรุงเทพมหานคร (BACC) | C91: ร้านของหวาน | D91: Siam Pandan | E91: 13.74433 | F91: 100.53443 | G91: 0.53 | H91: สยามสแควร์ ซอย 6 ปทุมวัน | I91: ทุกวัน 10:30-20:00 (เสาร์) | J91: +66 86 563 1690 | K91: =HYPERLINK("https://www.google.com/maps/search/?api=1&query=Siam%20Pandan&query_place_id=ChIJ0xX1UNKe4jAR-WZptZL_-uk","เปิดแผนที่") -> เปิดแผนที่ | L91: เปิดให้บริการ (มีเวลาทำการใน Google Maps)
A92: 91 | B92: Asiatique The Riverfront | C92: ร้านอาหาร | D92: Sirimahannop (ศิริมหานพ) | E92: 13.70523 | F92: 100.50219 | G92: 0.15 | H92: 72 ถ.เจริญกรุง วัดพระยาไกร บางคอแหลม | I92: ทุกวัน 16:00-24:00 (เสาร์) | J92: +66 2 059 5999 | K92: =HYPERLINK("https://www.google.com/maps/search/?api=1&query=Sirimahannop%20%28%E0%B8%A8%E0%B8%B4%E0%B8%A3%E0%B8%B4%E0%B8%A1%E0%B8%AB%E0%B8%B2%E0%B8%99%E0%B8%9E%29&query_place_id=ChIJNxVoORuf4jARgnrw6F9dzdc","เปิดแผนที่") -> เปิดแผนที่ | L92: เปิดให้บริการ (มีเวลาทำการใน Google Maps)
A93: 92 | B93: Asiatique The Riverfront | C93: ร้านอาหาร | D93: Sail To The Moon By Nakorn | E93: 13.70483 | F93: 100.50211 | G93: 0.13 | H93: Asiatique 2194 ถ.เจริญกรุง บางคอแหลม | I93: ทุกวัน 16:00-24:00 (เสาร์) | J93: +66 82 887 2251 | K93: =HYPERLINK("https://www.google.com/maps/search/?api=1&query=Sail%20To%20The%20Moon%20By%20Nakorn&query_place_id=ChIJHQAgyI2j4jARReexfH3uHeI","เปิดแผนที่") -> เปิดแผนที่ | L93: เปิดให้บริการ (มีเวลาทำการใน Google Maps)
A94: 93 | B94: Asiatique The Riverfront | C94: ร้านอาหาร | D94: Happy Fish (โกดัง 8) | E94: 13.70499 | F94: 100.50232 | G94: 0.12 | H94: Asiatique โกดัง 8 2194 ถ.เจริญกรุง บางคอแหลม | I94: ทุกวัน 12:00-24:00 (เสาร์) | J94: +66 90 959 5969 | K94: =HYPERLINK("https://www.google.com/maps/search/?api=1&query=Happy%20Fish%20%28%E0%B9%82%E0%B8%81%E0%B8%94%E0%B8%B1%E0%B8%87%208%29&query_place_id=ChIJZS6MApeY4jARB4mNKlFwgaI","เปิดแผนที่") -> เปิดแผนที่ | L94: เปิดให้บริการ (มีเวลาทำการใน Google Maps)
A95: 94 | B95: Asiatique The Riverfront | C95: ร้านเครื่องดื่ม | D95: Asiatique Ancient Tea House | E95: 13.70536 | F95: 100.50284 | G95: 0.11 | H95: 76 ซ.เจริญกรุง 72 วัดพระยาไกร บางคอแหลม | I95: ทุกวัน 12:00-24:00 (เสาร์) | J95: +66 2 059 5999 | K95: =HYPERLINK("https://www.google.com/maps/search/?api=1&query=Asiatique%20Ancient%20Tea%20House&query_place_id=ChIJI1DGO3iZ4jARyhWXLVWyHog","เปิดแผนที่") -> เปิดแผนที่ | L95: เปิดให้บริการ (มีเวลาทำการใน Google Maps)
A96: 95 | B96: Asiatique The Riverfront | C96: ร้านเครื่องดื่ม | D96: La Fiore Cafe Asiatique | E96: 13.70377 | F96: 100.50324 | G96: 0.07 | H96: Asiatique ชั้น 1 2194 ถ.เจริญกรุง บางคอแหลม | I96: ทุกวัน 14:00-24:00 (เสาร์) | J96: +66 94 346 5051 | K96: =HYPERLINK("https://www.google.com/maps/search/?api=1&query=La%20Fiore%20Cafe%20Asiatique&query_place_id=ChIJP0Ls1z-Z4jARIa6TS6sI4Dk","เปิดแผนที่") -> เปิดแผนที่ | L96: เปิดให้บริการ (มีเวลาทำการใน Google Maps)
A97: 96 | B97: Asiatique The Riverfront | C97: ร้านเครื่องดื่ม | D97: Starbucks @ Asiatique The Riverfront | E97: 13.7037 | F97: 100.50398 | G97: 0.11 | H97: Asiatique 2194 ถ.เจริญกรุง บางคอแหลม | I97: ทุกวัน 08:00-22:00 (เสาร์) | J97: - | K97: =HYPERLINK("https://www.google.com/maps/search/?api=1&query=Starbucks%20%40%20Asiatique%20The%20Riverfront&query_place_id=ChIJc8lMcQCZ4jARBg4bOgSFdtA","เปิดแผนที่") -> เปิดแผนที่ | L97: เปิดให้บริการ (มีเวลาทำการใน Google Maps)
A98: 97 | B98: Asiatique The Riverfront | C98: ร้านของหวาน | D98: After You Dessert Cafe - Asiatique | E98: 13.70478 | F98: 100.50329 | G98: 0.04 | H98: Asiatique 2194 ถ.เจริญกรุง บางคอแหลม | I98: ทุกวัน 15:00-23:00 (เสาร์) | J98: +66 63 840 9792 | K98: =HYPERLINK("https://www.google.com/maps/search/?api=1&query=After%20You%20Dessert%20Cafe%20-%20Asiatique&query_place_id=ChIJl_bB-6-Z4jARKQxbLdvEpTQ","เปิดแผนที่") -> เปิดแผนที่ | L98: เปิดให้บริการ (มีเวลาทำการใน Google Maps)
A99: 98 | B99: Asiatique The Riverfront | C99: ร้านของหวาน | D99: Swensen's Asiatique River Front | E99: 13.70421 | F99: 100.50411 | G99: 0.09 | H99: Asiatique 2194 ถ.เจริญกรุง บางคอแหลม | I99: ทุกวัน 12:00-23:00 (เสาร์) | J99: +66 63 203 3170 | K99: =HYPERLINK("https://www.google.com/maps/search/?api=1&query=Swensen%27s%20Asiatique%20River%20Front&query_place_id=ChIJk-H5AJeY4jARfbqXye_X0u8","เปิดแผนที่") -> เปิดแผนที่ | L99: เปิดให้บริการ (มีเวลาทำการใน Google Maps)
A100: 99 | B100: Asiatique The Riverfront | C100: ร้านของหวาน | D100: Make Me Mango Asiatique | E100: 13.70463 | F100: 100.50355 | G100: 0.04 | H100: Asiatique 2194 ถ.เจริญกรุง บางคอแหลม | I100: ทุกวัน 15:00-23:00 (เสาร์) | J100: +66 94 869 2965 | K100: =HYPERLINK("https://www.google.com/maps/search/?api=1&query=Make%20Me%20Mango%20Asiatique&query_place_id=ChIJJToG_Lae4jARyGfWLIaA7Xs","เปิดแผนที่") -> เปิดแผนที่ | L100: เปิดให้บริการ (มีเวลาทำการใน Google Maps)
...

Sheet แหล่งท่องเที่ยว
A1: ลำดับ | B1: แหล่งท่องเที่ยว | C1: ละติจูด | D1: ลองจิจูด | E1: ร้านอาหาร | F1: ร้านเครื่องดื่ม | G1: ร้านของหวาน | H1: รวม
A2: 1 | B2: SkyWalk King Power Mahanakhon (คิงเพาเวอร์ มหานคร) | C2: 13.72401 | D2: 100.52848 | E2: =COUNTIFS(ร้านใกล้แหล่งท่องเที่ยว!$B:$B,$B2,ร้านใกล้แหล่งท่องเที่ยว!$C:$C,E$1) -> 3 | F2: =COUNTIFS(ร้านใกล้แหล่งท่องเที่ยว!$B:$B,$B2,ร้านใกล้แหล่งท่องเที่ยว!$C:$C,F$1) -> 3 | G2: =COUNTIFS(ร้านใกล้แหล่งท่องเที่ยว!$B:$B,$B2,ร้านใกล้แหล่งท่องเที่ยว!$C:$C,G$1) -> 3 | H2: =SUM(E2:G2) -> 9
A3: 2 | B3: วัดพระศรีรัตนศาสดาราม (วัดพระแก้ว) | C3: 13.7515 | D3: 100.4927 | E3: =COUNTIFS(ร้านใกล้แหล่งท่องเที่ยว!$B:$B,$B3,ร้านใกล้แหล่งท่องเที่ยว!$C:$C,E$1) -> 3 | F3: =COUNTIFS(ร้านใกล้แหล่งท่องเที่ยว!$B:$B,$B3,ร้านใกล้แหล่งท่องเที่ยว!$C:$C,F$1) -> 3 | G3: =COUNTIFS(ร้านใกล้แหล่งท่องเที่ยว!$B:$B,$B3,ร้านใกล้แหล่งท่องเที่ยว!$C:$C,G$1) -> 3 | H3: =SUM(E3:G3) -> 9
A4: 3 | B4: วัดพระเชตุพนวิมลมังคลาราม (วัดโพธิ์) | C4: 13.74642 | D4: 100.49277 | E4: =COUNTIFS(ร้านใกล้แหล่งท่องเที่ยว!$B:$B,$B4,ร้านใกล้แหล่งท่องเที่ยว!$C:$C,E$1) -> 3 | F4: =COUNTIFS(ร้านใกล้แหล่งท่องเที่ยว!$B:$B,$B4,ร้านใกล้แหล่งท่องเที่ยว!$C:$C,F$1) -> 3 | G4: =COUNTIFS(ร้านใกล้แหล่งท่องเที่ยว!$B:$B,$B4,ร้านใกล้แหล่งท่องเที่ยว!$C:$C,G$1) -> 3 | H4: =SUM(E4:G4) -> 9
A5: 4 | B5: วัดอรุณราชวรารามราชวรมหาวิหาร | C5: 13.74387 | D5: 100.48844 | E5: =COUNTIFS(ร้านใกล้แหล่งท่องเที่ยว!$B:$B,$B5,ร้านใกล้แหล่งท่องเที่ยว!$C:$C,E$1) -> 3 | F5: =COUNTIFS(ร้านใกล้แหล่งท่องเที่ยว!$B:$B,$B5,ร้านใกล้แหล่งท่องเที่ยว!$C:$C,F$1) -> 3 | G5: =COUNTIFS(ร้านใกล้แหล่งท่องเที่ยว!$B:$B,$B5,ร้านใกล้แหล่งท่องเที่ยว!$C:$C,G$1) -> 3 | H5: =SUM(E5:G5) -> 9
A6: 5 | B6: วัดปากน้ำภาษีเจริญ | C6: 13.72178 | D6: 100.47036 | E6: =COUNTIFS(ร้านใกล้แหล่งท่องเที่ยว!$B:$B,$B6,ร้านใกล้แหล่งท่องเที่ยว!$C:$C,E$1) -> 3 | F6: =COUNTIFS(ร้านใกล้แหล่งท่องเที่ยว!$B:$B,$B6,ร้านใกล้แหล่งท่องเที่ยว!$C:$C,F$1) -> 3 | G6: =COUNTIFS(ร้านใกล้แหล่งท่องเที่ยว!$B:$B,$B6,ร้านใกล้แหล่งท่องเที่ยว!$C:$C,G$1) -> 3 | H6: =SUM(E6:G6) -> 9
A7: 6 | B7: บรรทัดทอง (ถ.บรรทัดทอง) | C7: 13.7392 | D7: 100.5243 | E7: =COUNTIFS(ร้านใกล้แหล่งท่องเที่ยว!$B:$B,$B7,ร้านใกล้แหล่งท่องเที่ยว!$C:$C,E$1) -> 3 | F7: =COUNTIFS(ร้านใกล้แหล่งท่องเที่ยว!$B:$B,$B7,ร้านใกล้แหล่งท่องเที่ยว!$C:$C,F$1) -> 3 | G7: =COUNTIFS(ร้านใกล้แหล่งท่องเที่ยว!$B:$B,$B7,ร้านใกล้แหล่งท่องเที่ยว!$C:$C,G$1) -> 3 | H7: =SUM(E7:G7) -> 9
A8: 7 | B8: เยาวราช | C8: 13.7397 | D8: 100.5099 | E8: =COUNTIFS(ร้านใกล้แหล่งท่องเที่ยว!$B:$B,$B8,ร้านใกล้แหล่งท่องเที่ยว!$C:$C,E$1) -> 3 | F8: =COUNTIFS(ร้านใกล้แหล่งท่องเที่ยว!$B:$B,$B8,ร้านใกล้แหล่งท่องเที่ยว!$C:$C,F$1) -> 3 | G8: =COUNTIFS(ร้านใกล้แหล่งท่องเที่ยว!$B:$B,$B8,ร้านใกล้แหล่งท่องเที่ยว!$C:$C,G$1) -> 3 | H8: =SUM(E8:G8) -> 9
A9: 8 | B9: คลองบางหลวง (Artist House / ตลาดน้ำคลองบางหลวง ภาษีเจริญ) | C9: 13.7312 | D9: 100.4633 | E9: =COUNTIFS(ร้านใกล้แหล่งท่องเที่ยว!$B:$B,$B9,ร้านใกล้แหล่งท่องเที่ยว!$C:$C,E$1) -> 3 | F9: =COUNTIFS(ร้านใกล้แหล่งท่องเที่ยว!$B:$B,$B9,ร้านใกล้แหล่งท่องเที่ยว!$C:$C,F$1) -> 3 | G9: =COUNTIFS(ร้านใกล้แหล่งท่องเที่ยว!$B:$B,$B9,ร้านใกล้แหล่งท่องเที่ยว!$C:$C,G$1) -> 3 | H9: =SUM(E9:G9) -> 9
A10: 9 | B10: ย่านพระอาทิตย์ (ถ.พระอาทิตย์ บางลำพู) | C10: 13.7632 | D10: 100.4945 | E10: =COUNTIFS(ร้านใกล้แหล่งท่องเที่ยว!$B:$B,$B10,ร้านใกล้แหล่งท่องเที่ยว!$C:$C,E$1) -> 3 | F10: =COUNTIFS(ร้านใกล้แหล่งท่องเที่ยว!$B:$B,$B10,ร้านใกล้แหล่งท่องเที่ยว!$C:$C,F$1) -> 3 | G10: =COUNTIFS(ร้านใกล้แหล่งท่องเที่ยว!$B:$B,$B10,ร้านใกล้แหล่งท่องเที่ยว!$C:$C,G$1) -> 3 | H10: =SUM(E10:G10) -> 9
A11: 10 | B11: หอศิลปวัฒนธรรมแห่งกรุงเทพมหานคร (BACC) | C11: 13.74673 | D11: 100.53022 | E11: =COUNTIFS(ร้านใกล้แหล่งท่องเที่ยว!$B:$B,$B11,ร้านใกล้แหล่งท่องเที่ยว!$C:$C,E$1) -> 3 | F11: =COUNTIFS(ร้านใกล้แหล่งท่องเที่ยว!$B:$B,$B11,ร้านใกล้แหล่งท่องเที่ยว!$C:$C,F$1) -> 3 | G11: =COUNTIFS(ร้านใกล้แหล่งท่องเที่ยว!$B:$B,$B11,ร้านใกล้แหล่งท่องเที่ยว!$C:$C,G$1) -> 3 | H11: =SUM(E11:G11) -> 9
A12: 11 | B12: Asiatique The Riverfront | C12: 13.70442 | D12: 100.50327 | E12: =COUNTIFS(ร้านใกล้แหล่งท่องเที่ยว!$B:$B,$B12,ร้านใกล้แหล่งท่องเที่ยว!$C:$C,E$1) -> 3 | F12: =COUNTIFS(ร้านใกล้แหล่งท่องเที่ยว!$B:$B,$B12,ร้านใกล้แหล่งท่องเที่ยว!$C:$C,F$1) -> 3 | G12: =COUNTIFS(ร้านใกล้แหล่งท่องเที่ยว!$B:$B,$B12,ร้านใกล้แหล่งท่องเที่ยว!$C:$C,G$1) -> 3 | H12: =SUM(E12:G12) -> 9
A13: 12 | B13: ท้องฟ้าจำลองกรุงเทพ (เอกมัย) | C13: 13.71954 | D13: 100.58278 | E13: =COUNTIFS(ร้านใกล้แหล่งท่องเที่ยว!$B:$B,$B13,ร้านใกล้แหล่งท่องเที่ยว!$C:$C,E$1) -> 3 | F13: =COUNTIFS(ร้านใกล้แหล่งท่องเที่ยว!$B:$B,$B13,ร้านใกล้แหล่งท่องเที่ยว!$C:$C,F$1) -> 3 | G13: =COUNTIFS(ร้านใกล้แหล่งท่องเที่ยว!$B:$B,$B13,ร้านใกล้แหล่งท่องเที่ยว!$C:$C,G$1) -> 3 | H13: =SUM(E13:G13) -> 9
... A20: 19 | B20: สะพานพระพุทธยอดฟ้า (สะพานพุทธ) | C20: 13.73928 | D20: 100.4976 | E20: =COUNTIFS(ร้านใกล้แหล่งท่องเที่ยว!$B:$B,$B20,ร้านใกล้แหล่งท่องเที่ยว!$C:$C,E$1) -> 3 | F20: =COUNTIFS(ร้านใกล้แหล่งท่องเที่ยว!$B:$B,$B20,ร้านใกล้แหล่งท่องเที่ยว!$C:$C,F$1) -> 3 | G20: =COUNTIFS(ร้านใกล้แหล่งท่องเที่ยว!$B:$B,$B20,ร้านใกล้แหล่งท่องเที่ยว!$C:$C,G$1) -> 3 | H20: =SUM(E20:G20) -> 9
B21: รวมทั้งหมด | E21: =SUM(E2:E20) -> 57 | F21: =SUM(F2:F20) -> 57 | G21: =SUM(G2:G20) -> 57 | H21: =SUM(H2:H20) -> 171

Sheet หมายเหตุ
A1: หัวข้อ | B1: รายละเอียด
A2: ที่มาข้อมูล | B2: ข้อมูลร้านค้า พิกัด เวลาทำการ เบอร์โทร และรหัสสถานที่ (place_id) ดึงจาก Google Places (Google Maps) เมื่อวันที่ 3 ต.ค. 2569
A3: นิยามคำว่า "เปิดให้บริการ" | B3: ร้านมีสถานะประกอบกิจการอยู่ใน Google Maps (ไม่ใช่ปิดถาวร/ปิดชั่วคราว) และมีวัน-เวลาทำการระบุไว้ ไม่ได้โทรยืนยันกับร้านรายร้าน แนะนำให้เช็กเวลาล่าสุดจากลิงก์ก่อนเดินทาง
A4: ร้านที่เปิดเฉพาะบางวัน | B4: ดูคอลัมน์ "วัน-เวลาเปิดให้บริการ" เช่น ร้านปิดวันจันทร์/อังคาร/พุธ/อาทิตย์ ร้านในตลาดจตุจักรบางร้านเปิดเฉพาะเสาร์-อาทิตย์ และบางร้านเปิดเฉพาะช่วงเย็น
A5: พิกัด | B5: ละติจูด/ลองจิจูดของแต่ละร้านมาจาก Google Maps (WGS84) ส่วนพิกัดแหล่งท่องเที่ยวอยู่ในชีต "แหล่งท่องเที่ยว"
A6: ระยะห่าง | B6: คำนวณเป็นระยะทางเส้นตรง (Haversine) จากจุดอ้างอิงแหล่งท่องเที่ยวถึงร้าน ไม่ใช่ระยะเดินจริง
A7: ลิงก์ | B7: ลิงก์ Google Maps สร้างจากรหัสสถานที่ของแต่ละร้าน คลิกแล้วเปิดตำแหน่งร้านนั้นโดยตรง
A8: คลองบางหลวง | B8: ตีความเป็นย่านคลองบางหลวง-บ้านศิลปิน/ตลาดน้ำคลองบางหลวง (ซ.เพชรเกษม 20 เขตภาษีเจริญ) หากหมายถึงจุดอื่นของคลองบางหลวง (เช่น ฝั่งบางกอกน้อย) แจ้งได้เพื่อค้นหาใหม่
A9: สวนสยาม | B9: Google Maps แสดงชื่อ Siam Amazing Park (เขตคันนายาว) ใช้พิกัดนั้นเป็นจุดอ้างอิง
A10: เยาวราช | B10: ผู้ใช้ระบุซ้ำ 2 ครั้งในรายการ นับเป็นแหล่งเดียว รวมแหล่งท่องเที่ยวทั้งหมด 19 แห่ง
A11: ห้างสรรพสินค้า | B11: ร้านใน Siam Paragon / ICONSIAM อยู่ภายในห้างหรือบริเวณรอบห้าง ระยะเส้นตรงบางร้านอยู่ห่าง 0.5-1.5 กม.
