Workbook

Sheet คู่มือ
A1: คู่มือไฟล์สถานที่กรุงเทพฯ
A2: ข้อมูลจากไฟล์ของ Nirapada จัดใหม่ให้ตรง schema ใน docs/DATA.md · 1 แถว = 1 Place
A4: สีหัวคอลัมน์ในชีต places
A5: ข้อมูลหลัก | B5: id, category, name, area
A6: พิกัด | B6: lat, lng
A7: การจัดอันดับ | B7: tags, priceLevel, rating
A8: เวลาเปิด | B8: mon, tue, wed, thu, fri, sat, sun
A9: รายละเอียด | B9: dwellMinutes, entranceFee, shortDescription, breakfastIncluded
A10: ตรวจสอบ | B10: mealSuitable, needsReview, note
A11: อ้างอิง (ไม่เข้า JSON) | B11: sourceType, nearAttraction, distanceKm, googleName, googleReviews, googleCategories, …
A12: แถวสีเหลือง | B12: มีค่าในคอลัมน์ needsReview ต้องตรวจก่อนนำเข้า
A14: วิธีกรอกและที่มาข้อมูล
A15: การนำเข้า | B15: แถว 1 = ชื่อ key ใน JSON (ห้ามแก้) แถว 2 = คำอธิบายภาษาไทย ข้อมูลเริ่มแถว 3 คอลัมน์กลุ่ม "อ้างอิง" ไม่เข้า JSON
A16: tags | B16: คั่นด้วยจุลภาค ใช้ได้เฉพาะ: adventure, artCulture, beach, cafe, family, localFood, nature, nightlife, seafood, shopping, templeHistory, viewpoint, wellness
A17: mon … sun | B17: รูปแบบ HH:MM-HH:MM · ช่องว่าง (สีเทา) = ปิดวันนั้น · ปิดหลังเที่ยงคืนให้เขียนเกิน 24:00 เช่น 17:30-25:30 · เปิดตลอดวัน = 00:00-24:00
A18: priceLevel | B18: ร้าน: 1 ≤150 · 2 ~150–400 · 3 ~400–1,000 · 4 >1,000 บาทต่อคนต่อมื้อ (สีทองเข้ม = แพง) เป็นค่าประมาณ ยังไม่มีข้อมูลราคาจาก Google
A19: rating, เวลาเปิด | B19: ดึงจาก Google Maps วันที่ 4 ต.ค. 2569 ด้วย place_id ของแต่ละร้าน · rating ≥ 4.5 สีเขียว, < 4.0 สีแดง
A20: entranceFee | B20: ใช้ราคาชาวต่างชาติผู้ใหญ่ ตามที่ bangkok.json เดิมใช้ (วังหลวง 500, วัดโพธิ์ 300) ราคาคนไทยอยู่ในคอลัมน์ entranceFeeThai
A21: mealSuitable | B21: Y = ใช้เป็นมื้อกลางวัน/เย็นได้ (planner ใช้ restaurant เฉพาะช่วงมื้อหลัก) · N = ร้านเครื่องดื่ม-ของหวาน แนะนำให้นำเข้าเฉพาะ Y ไปก่อน
A22: สิ่งที่แก้จากไฟล์เดิม | B22: 1) เวลาเปิด 66 แถวที่เขียน "ทุกวัน … (เสาร์)" เดิมเช็กแค่วันเสาร์ ตอนนี้เป็นเวลาจริงรายวันจาก Google 2) เวลาปิดหลังเที่ยงคืนเขียนแบบ 26:00 3) ร้านที่เปิด 2 ช่วงใส่ช่วงรวมและจดใน note 4) ลิงก์เป็น URL ธรรมดา + แยก place_id 5) เบอร์ "-" เป็นช่องว่าง 6) ตัดคอลัมน์สถานะที่ซ้ำกันทุกแถว
A23: id ที่ชนกับของเดิม | B23: grand-palace, wat-pho, wat-arun, chatuchak ใช้ id เดียวกับใน bangkok.json ให้แทนที่ของเดิม ไม่ใช่เพิ่มซ้ำ
A24: ยังขาดตามเป้า #21 | B24: attraction มี 19 (เป้า ≥ 25) และยังไม่มี accommodation (เป้า ≥ 8) เพิ่มแถวในชีต places ได้ โดยเปลี่ยน category
A25: ต้นฉบับ | B25: ชีต "ต้นฉบับ_…" คือข้อมูลเดิมของ Nirapada ไม่ได้แก้เนื้อหา

Sheet places
A1: id | B1: category | C1: name | D1: area | E1: lat | F1: lng | G1: tags | H1: priceLevel | I1: rating | J1: mon | K1: tue | L1: wed | M1: thu | N1: fri | O1: sat | P1: sun | Q1: dwellMinutes | R1: entranceFee | S1: shortDescription | T1: breakfastIncluded | U1: mealSuitable | V1: needsReview | W1: note | X1: sourceType | Y1: nearAttraction | Z1: distanceKm | AA1: googleName | AB1: googleReviews | AC1: googleCategories | AD1: hoursSource | AE1: hoursOriginal | AF1: priceLevelSource | AG1: entranceFeeThai | AH1: address | AI1: phone | AJ1: googlePlaceId | AK1: googleMapsUrl
A2: รหัส (ห้ามซ้ำ/ห้ามเปลี่ยน) | B2: หมวด | C2: ชื่อ | D2: ย่าน | E2: ละติจูด | F2: ลองจิจูด | G2: แท็ก (คั่นด้วย ,) | H2: ระดับราคา 1–4 | I2: คะแนน Google | J2: จันทร์ | K2: อังคาร | L2: พุธ | M2: พฤหัสฯ | N2: ศุกร์ | O2: เสาร์ | P2: อาทิตย์ | Q2: เวลาที่อยู่ (นาที) | R2: ค่าเข้า (บาท/คน) | S2: คำอธิบายสั้น (≤120 ตัวอักษร) | T2: รวมอาหารเช้า (ที่พักเท่านั้น) | U2: ใช้เป็นมื้อหลักได้ | V2: ต้องตรวจ | W2: หมายเหตุ | X2: ประเภทเดิม | Y2: ใกล้แหล่งท่องเที่ยว | Z2: ระยะ (กม.) | AA2: ชื่อใน Google | AB2: จำนวนรีวิว | AC2: หมวดใน Google | AD2: ที่มาเวลาเปิด | AE2: เวลาเปิด (ตารางเดิม) | AF2: ที่มาระดับราคา | AG2: ค่าเข้าคนไทย | AH2: ที่อยู่ | AI2: เบอร์โทร | AJ2: Google place_id | AK2: ลิงก์ Google Maps
A3: bangkok-attraction-asiatique-the-riverfront | B3: attraction | C3: Asiatique The Riverfront | D3: ริมแม่น้ำเจ้าพระยา | E3: 13.70442 | F3: 100.50327 | G3: shopping,nightlife,viewpoint,family | H3: 2 | J3: 16:00-24:00 | K3: 16:00-24:00 | L3: 16:00-24:00 | M3: 16:00-24:00 | N3: 16:00-24:00 | O3: 16:00-24:00 | P3: 16:00-24:00 | Q3: 120 | R3: 0 | S3: ตลาดกลางคืนริมแม่น้ำในโกดังเก่า มีร้านค้า ร้านอาหาร และชิงช้าสวรรค์ | V3: ไม่มี rating | W3: Google ไม่คืนข้อมูล เวลาเปิดเป็นค่าประมาณ (บางโซนเปิดตั้งแต่ 11:00) / ไม่มี rating | X3: แหล่งท่องเที่ยว | AD3: ประมาณการ/แหล่งข้อมูลอื่น | AF3: ประมาณการจากค่าเข้า | AG3: 0 | AK3: เปิดแผนที่ ↗
A4: bangkok-attraction-bacc | B4: attraction | C4: หอศิลปวัฒนธรรมแห่งกรุงเทพมหานคร (BACC) | D4: สยาม/ปทุมวัน | E4: 13.74673 | F4: 100.53022 | G4: artCulture | H4: 1 | I4: 4.6 | K4: 10:00-20:00 | L4: 10:00-20:00 | M4: 10:00-20:00 | N4: 10:00-20:00 | O4: 10:00-20:00 | P4: 10:00-20:00 | Q4: 90 | R4: 0 | S4: หอศิลป์ร่วมสมัยใจกลางสยาม จัดนิทรรศการหมุนเวียน เข้าชมฟรี | W4: ปิดวันจันทร์ | X4: แหล่งท่องเที่ยว | AA4: หอศิลปวัฒนธรรมแห่งกรุงเทพมหานคร | AC4: ศูนย์งานศิลปะ, ห้องแสดงงานศิลปะ, สถานที่ท่องเที่ยว | AD4: แก้จาก Google (ดูหมายเหตุ) | AF4: ประมาณการจากค่าเข้า | AG4: 0 | AH4: หอศิลปวัฒนธรรมแห่งกรุงเทพมหานคร 939 ถ. พระรามที่ 1 แขวงวังใหม่ เขตปทุมวัน กรุงเทพมหานคร 10330 | AJ4: ChIJfWxvUM2e4jARCxWWp4sC0B4 | AK4: เปิดแผนที่ ↗
A5: bangkok-attraction-bangkok-planetarium | B5: attraction | C5: ท้องฟ้าจำลองกรุงเทพ (เอกมัย) | D5: เอกมัย | E5: 13.71954 | F5: 100.58278 | G5: family,artCulture | H5: 1 | I5: 4.2 | K5: 09:00-16:00 | L5: 09:00-16:00 | M5: 09:00-16:00 | N5: 09:00-16:00 | O5: 09:00-16:00 | P5: 09:00-16:00 | Q5: 90 | R5: 200 | S5: ท้องฟ้าจำลองแห่งแรกของไทย มีการฉายดาวและนิทรรศการวิทยาศาสตร์ | V5: ตรวจเวลาเปิด | W5: ปิดวันจันทร์ / มีข่าวปิดปรับปรุงช่วงปี 2569 ต้องเช็กว่าเปิดแล้วหรือยังก่อนใช้ | X5: แหล่งท่องเที่ยว | AA5: ศูนย์ส่งเสริมและพัฒนาการเรียนรู้ทางวิทยาศาสตร์ (ท้องฟ้าจำลองกรุงเทพ) | AC5: พิพิธภัณฑ์วิทยาศาสตร์, ท้องฟ้าจำลอง, สถานที่ท่องเที่ยว | AD5: แก้จาก Google (ดูหมายเหตุ) | AF5: ประมาณการจากค่าเข้า | AG5: 100 | AH5: ศูนย์ส่งเสริมและพัฒนาการเรียนรู้ทางวิทยาศาสตร์ (ท้องฟ้าจำลองกรุงเทพ) 928 ถ. สุขุมวิท แขวงพระโขนง เขตคลองเตย กรุงเทพมหานคร 10110 | AJ5: ChIJnUa-d6Wf4jARp1M-LNKpKCw | AK5: เปิดแผนที่ ↗
A6: bangkok-attraction-banthat-thong-road | B6: attraction | C6: บรรทัดทอง (ถ.บรรทัดทอง) | D6: บรรทัดทอง | E6: 13.7392 | F6: 100.5243 | G6: localFood,nightlife | H6: 1 | J6: 16:00-24:00 | K6: 16:00-24:00 | L6: 16:00-24:00 | M6: 16:00-24:00 | N6: 16:00-24:00 | O6: 16:00-24:00 | P6: 16:00-24:00 | Q6: 90 | R6: 0 | S6: ถนนสตรีทฟู้ดย่านสามย่าน-จุฬาฯ ร้านอาหารและของหวานเปิดถึงดึก | V6: ไม่มี rating; ตรวจเวลาเปิด | W6: เป็นถนน ไม่มีเวลาทำการทางการ ใช้ช่วงที่ร้านส่วนใหญ่เปิด (ประมาณการ) / Google ไม่มี rating | X6: แหล่งท่องเที่ยว | AA6: ถนน บรรทัดทอง | AD6: ประมาณการ/แหล่งข้อมูลอื่น | AF6: ประมาณการจากค่าเข้า | AG6: 0 | AH6: ถนน บรรทัดทอง กรุงเทพมหานคร | AJ6: ChIJCeI1ky2Z4jARzlbzs6UHjXs | AK6: เปิดแผนที่ ↗
A7: bangkok-attraction-benjakitti-park | B7: attraction | C7: สวนเบญจกิติ | D7: สุขุมวิท | E7: 13.72923 | F7: 100.55873 | G7: nature,viewpoint | H7: 1 | I7: 4.6 | J7: 04:30-22:00 | K7: 04:30-22:00 | L7: 04:30-22:00 | M7: 04:30-22:00 | N7: 04:30-22:00 | O7: 04:30-22:00 | P7: 04:30-22:00 | Q7: 90 | R7: 0 | S7: สวนป่ากลางเมืองย่านอโศก มีทางเดินลอยฟ้าชมสวนและบึงน้ำ | X7: แหล่งท่องเที่ยว | AA7: สวนเบญจกิติ | AB7: 11276 | AC7: สวนสาธารณะของเมือง | AD7: Google Maps (รายวัน) | AF7: ประมาณการจากค่าเข้า | AG7: 0 | AH7: สวนเบญจกิติ ถ. รัชดาภิเษก แขวงคลองเตย เขตคลองเตย กรุงเทพมหานคร 10110 | AJ7: ChIJmfMfvBuf4jAR9rugvZd5Lyc | AK7: เปิดแผนที่ ↗
A8: bangkok-attraction-chatuchak | B8: attraction | C8: ตลาดจตุจักร | D8: จตุจักร | E8: 13.79978 | F8: 100.55042 | G8: shopping,localFood | H8: 1 | I8: 4.4 | O8: 09:00-18:00 | P8: 09:00-18:00 | Q8: 180 | R8: 0 | S8: ตลาดนัดสุดสัปดาห์ขนาดใหญ่ ร้านค้ากว่าหมื่นร้าน | W8: id ตรงกับที่มีอยู่แล้วใน bangkok.json / Google ไม่คืนข้อมูล ใช้ rating และเวลาจากของเดิม | X8: แหล่งท่องเที่ยว | AD8: ประมาณการ/แหล่งข้อมูลอื่น | AF8: ประมาณการจากค่าเข้า | AG8: 0 | AK8: เปิดแผนที่ ↗
A9: bangkok-attraction-grand-palace | B9: attraction | C9: วัดพระศรีรัตนศาสดาราม (วัดพระแก้ว) | D9: เกาะรัตนโกสินทร์ | E9: 13.7515 | F9: 100.4927 | G9: templeHistory,artCulture | H9: 2 | I9: 4.6 | J9: 08:30-15:30 | K9: 08:30-15:30 | L9: 08:30-15:30 | M9: 08:30-15:30 | N9: 08:30-15:30 | O9: 08:30-15:30 | P9: 08:30-15:30 | Q9: 120 | R9: 500 | S9: พระราชวังและวัดพระแก้ว สถาปัตยกรรมไทยที่งดงามที่สุดแห่งหนึ่ง | W9: id ตรงกับที่มีอยู่แล้วใน bangkok.json (แทนที่ของเดิม) / คนไทยเข้าฟรี | X9: แหล่งท่องเที่ยว | AA9: พระบรมมหาราชวัง | AB9: 80321 | AC9: ปราสาท, สถานที่สำคัญทางวัฒนธรรม, สถานที่สำคัญทางประวัติศาสตร์, อุทยาน, สถานที่ท่องเที่ยว | AD9: Google Maps (รายวัน) | AF9: ประมาณการจากค่าเข้า | AG9: 0 | AH9: พระบรมมหาราชวัง แขวงพระบรมมหาราชวัง เขตพระนคร กรุงเทพมหานคร 10200 | AJ9: ChIJPzZsMU6Z4jARQUzvk913bCo | AK9: เปิดแผนที่ ↗
A10: bangkok-attraction-iconsiam | B10: attraction | C10: ไอคอนสยาม | D10: ริมแม่น้ำเจ้าพระยา | E10: 13.72623 | F10: 100.51045 | G10: shopping,viewpoint,family | H10: 2 | I10: 4.7 | J10: 10:00-22:00 | K10: 10:00-22:00 | L10: 10:00-22:00 | M10: 10:00-22:00 | N10: 10:00-22:00 | O10: 10:00-22:00 | P10: 10:00-22:00 | Q10: 150 | R10: 0 | S10: ห้างริมแม่น้ำเจ้าพระยา มีสุขสยามจำลองตลาดไทยสี่ภาค และร้านอาหารมากมาย | X10: แหล่งท่องเที่ยว | AA10: ไอคอนสยาม | AB10: 60286 | AC10: ศูนย์การค้า | AD10: Google Maps (รายวัน) | AF10: ประมาณการจากค่าเข้า | AG10: 0 | AH10: ไอคอนสยาม 299 ถ. เจริญนคร แขวงคลองต้นไทร คลองสาน กรุงเทพมหานคร 10600 | AJ10: ChIJFRjwgc2Z4jAR9JIadoa9YBY | AK10: เปิดแผนที่ ↗
A11: bangkok-attraction-khlong-bang-luang-artist-house | B11: attraction | C11: คลองบางหลวง (Artist House / ตลาดน้ำคลองบางหลวง ภาษีเจริญ) | D11: คลองบางหลวง | E11: 13.7312 | F11: 100.4633 | G11: artCulture,cafe | H11: 1 | I11: 4.6 | J11: 10:00-18:00 | K11: 10:00-18:00 | L11: 10:00-18:00 | M11: 10:00-18:00 | N11: 10:00-18:00 | O11: 10:00-19:00 | P11: 10:00-18:00 | Q11: 90 | R11: 0 | S11: บ้านไม้เก่าริมคลองบางหลวง มีแกลเลอรีศิลปะ คาเฟ่ และการแสดงหุ่นละครเล็ก | X11: แหล่งท่องเที่ยว | AA11: บ้านศิลปินคลองบางหลวง | AB11: 3347 | AC11: สถานที่ท่องเที่ยว, คาเฟ่ศิลปะ, ห้องแสดงงานศิลปะ, ร้านกาแฟ, ร้านของที่ระลึก | AD11: Google Maps (รายวัน) | AF11: ประมาณการจากค่าเข้า | AG11: 0 | AH11: บ้านศิลปินคลองบางหลวง 309 ถ. เพชรเกษม แขวงคูหาสวรรค์ เขตภาษีเจริญ กรุงเทพมหานคร 10160 | AJ11: ChIJF6uVAzt9HTEROKM0WKZMU7M | AK11: เปิดแผนที่ ↗
A12: bangkok-attraction-mahanakhon-skywalk | B12: attraction | C12: SkyWalk King Power Mahanakhon (คิงเพาเวอร์ มหานคร) | D12: สีลม | E12: 13.72401 | F12: 100.52848 | G12: viewpoint,nightlife | H12: 3 | I12: 4.7 | J12: 10:00-19:00 | K12: 10:00-19:00 | L12: 10:00-19:00 | M12: 10:00-19:00 | N12: 10:00-19:00 | O12: 10:00-19:00 | P12: 10:00-19:00 | Q12: 90 | R12: 880 | S12: จุดชมวิวพื้นกระจกชั้น 78 ตึกคิงเพาเวอร์ มหานคร หนึ่งในตึกที่สูงที่สุดของกรุงเทพฯ | W12: ค่าเข้า 880 บาทคือรอบกลางวัน รอบพระอาทิตย์ตก 1,080 บาท / Google คืนเวลาของตัวตึก (10:00–24:00) จึงใช้เวลาเปิด SkyWalk แทน | X12: แหล่งท่องเที่ยว | AA12: ตึกคิงเพาเวอร์ มหานคร | AC12: สถานที่ท่องเที่ยว, บาร์, ร้านค้า | AD12: แก้จาก Google (ดูหมายเหตุ) | AF12: ประมาณการจากค่าเข้า | AG12: 880 | AH12: ตึกคิงเพาเวอร์ มหานคร 114 ถนน นราธิวาสราชนครินทร์ แขวงสีลม เขตบางรัก กรุงเทพมหานคร 10500 | AJ12: ChIJGzV2mdKY4jARdIb62T7BoE4 | AK12: เปิดแผนที่ ↗
A13: bangkok-attraction-memorial-bridge | B13: attraction | C13: สะพานพระพุทธยอดฟ้า (สะพานพุทธ) | D13: ปากคลองตลาด | E13: 13.73928 | F13: 100.4976 | G13: viewpoint,templeHistory | H13: 1 | I13: 4.7 | J13: 00:00-24:00 | K13: 00:00-24:00 | L13: 00:00-24:00 | M13: 00:00-24:00 | N13: 00:00-24:00 | O13: 00:00-24:00 | P13: 00:00-24:00 | Q13: 30 | R13: 0 | S13: สะพานข้ามแม่น้ำเจ้าพระยาเก่าแก่ สร้างสมัยรัชกาลที่ 7 ใกล้ตลาดดอกไม้ปากคลองตลาด | X13: แหล่งท่องเที่ยว | AA13: สะพานพระพุทธยอดฟ้า | AB13: 403 | AC13: สะพาน | AD13: Google Maps (รายวัน) | AF13: ประมาณการจากค่าเข้า | AG13: 0 | AH13: PFQX+P29 สะพานพระพุทธยอดฟ้า สะพานพุทธยอดฟ้าจุฬาโลกมหาราช, แขวงวังบูรพาภิรมย์ เขตพระนคร กรุงเทพมหานคร 10600 | AJ13: ChIJEcUU04SZ4jARfyNZ0JzFzng | AK13: เปิดแผนที่ ↗
A14: bangkok-attraction-phra-athit-road | B14: attraction | C14: ย่านพระอาทิตย์ (ถ.พระอาทิตย์ บางลำพู) | D14: บางลำพู | E14: 13.7632 | F14: 100.4945 | G14: localFood,nightlife,templeHistory | H14: 1 | J14: 00:00-24:00 | K14: 00:00-24:00 | L14: 00:00-24:00 | M14: 00:00-24:00 | N14: 00:00-24:00 | O14: 00:00-24:00 | P14: 00:00-24:00 | Q14: 90 | R14: 0 | S14: ถนนเลียบแม่น้ำย่านบางลำพู มีป้อมพระสุเมรุ สวนสันติชัยปราการ และร้านอาหาร-บาร์ | V14: ไม่มี rating | W14: เป็นถนนสาธารณะ ใส่เปิดตลอดวัน / Google ไม่มี rating | X14: แหล่งท่องเที่ยว | AA14: ถนน พระอาทิตย์ | AD14: ประมาณการ/แหล่งข้อมูลอื่น | AF14: ประมาณการจากค่าเข้า | AG14: 0 | AH14: ถนน พระอาทิตย์ เขตพระนคร กรุงเทพมหานคร 10200 | AJ14: ChIJpRU2WHKZ4jARaOpvlk-0OVc | AK14: เปิดแผนที่ ↗
A15: bangkok-attraction-siam-amazing-park | B15: attraction | C15: สวนสยาม (Siam Amazing Park) | D15: คันนายาว | E15: 13.80629 | F15: 100.69253 | G15: family,adventure | H15: 3 | I15: 4.2 | J15: 10:00-18:00 | K15: 10:00-18:00 | L15: 10:00-18:00 | M15: 10:00-18:00 | N15: 10:00-18:00 | O15: 10:00-18:00 | P15: 10:00-18:00 | Q15: 300 | R15: 1000 | S15: สวนสนุกและสวนน้ำขนาดใหญ่ย่านคันนายาว มีเครื่องเล่นหลากหลาย | W15: ค่าเข้า = บัตร Adventure Pass ผู้ใหญ่หน้าเคาน์เตอร์ (ออนไลน์มักถูกกว่า) | X15: แหล่งท่องเที่ยว | AA15: สยามอะเมซิ่งพาร์ค | AB15: 17431 | AC15: สวนสนุก, สถานที่ท่องเที่ยว | AD15: ประมาณการ/แหล่งข้อมูลอื่น | AF15: ประมาณการจากค่าเข้า | AG15: 1000 | AH15: สยามอะเมซิ่งพาร์ค 203 ถ. สวนสยาม แขวงคันนายาว เขตคันนายาว กรุงเทพมหานคร 10230 | AJ15: ChIJrc78zJBjHTERdLG8EciM5Qs | AK15: เปิดแผนที่ ↗
A16: bangkok-attraction-siam-paragon | B16: attraction | C16: สยามพารากอน | D16: สยาม/ปทุมวัน | E16: 13.74617 | F16: 100.53486 | G16: shopping,family | H16: 2 | J16: 10:00-22:00 | K16: 10:00-22:00 | L16: 10:00-22:00 | M16: 10:00-22:00 | N16: 10:00-22:00 | O16: 10:00-22:00 | P16: 10:00-22:00 | Q16: 120 | R16: 0 | S16: ห้างสรรพสินค้าใหญ่ใจกลางสยาม มีร้านค้า ร้านอาหาร และอควาเรียม | V16: ไม่มี rating | W16: Google ไม่คืนข้อมูล / ไม่มี rating | X16: แหล่งท่องเที่ยว | AD16: ประมาณการ/แหล่งข้อมูลอื่น | AF16: ประมาณการจากค่าเข้า | AG16: 0 | AK16: เปิดแผนที่ ↗
A17: bangkok-attraction-suan-rot-fai | B17: attraction | C17: สวนวชิรเบญจทัศ (สวนรถไฟ) | D17: จตุจักร | E17: 13.8137 | F17: 100.5536 | G17: nature,family | H17: 1 | I17: 4.6 | J17: 04:30-21:00 | K17: 04:30-21:00 | L17: 04:30-21:00 | M17: 04:30-21:00 | N17: 04:30-21:00 | O17: 04:30-21:00 | P17: 04:30-21:00 | Q17: 90 | R17: 0 | S17: สวนสาธารณะขนาดใหญ่ย่านจตุจักร มีเส้นทางปั่นจักรยานและสวนผีเสื้อ | X17: แหล่งท่องเที่ยว | AA17: สวนวชิรเบญจทัศ | AB17: 8692 | AC17: สวนสาธารณะ, สวนสาธารณะของเมือง | AD17: Google Maps (รายวัน) | AF17: ประมาณการจากค่าเข้า | AG17: 0 | AH17: สวนวชิรเบญจทัศ ถนน กำแพงเพชร 3 แขวง ลาดยาว เขตจตุจักร กรุงเทพมหานคร 10900 | AJ17: ChIJTw-JsUKc4jAREpXc3JmuyAE | AK17: เปิดแผนที่ ↗
A18: bangkok-attraction-wat-arun | B18: attraction | C18: วัดอรุณราชวรารามราชวรมหาวิหาร | D18: ริมแม่น้ำเจ้าพระยา | E18: 13.74387 | F18: 100.48844 | G18: templeHistory,viewpoint | H18: 1 | I18: 4.7 | J18: 08:00-18:00 | K18: 08:00-18:00 | L18: 08:00-18:00 | M18: 08:00-18:00 | N18: 08:00-18:00 | O18: 08:00-18:00 | P18: 08:00-18:00 | Q18: 60 | R18: 200 | S18: พระปรางค์ริมแม่น้ำเจ้าพระยา สวยที่สุดช่วงเย็น | W18: id ตรงกับที่มีอยู่แล้วใน bangkok.json / คนไทยเข้าฟรี | X18: แหล่งท่องเที่ยว | AA18: วัดอรุณราชวรารามราชวรมหาวิหาร | AB18: 45345 | AC18: วัด | AD18: Google Maps (รายวัน) | AF18: ประมาณการจากค่าเข้า | AG18: 0 | AH18: วัดอรุณราชวรารามราชวรมหาวิหาร 158 ถนน วังเดิม แขวงวัดอรุณ เขตบางกอกใหญ่ กรุงเทพมหานคร 10600 | AJ18: ChIJaSv_6gaZ4jARnbiUVn6Z_YY | AK18: เปิดแผนที่ ↗
A19: bangkok-attraction-wat-paknam-phasi-charoen | B19: attraction | C19: วัดปากน้ำภาษีเจริญ | D19: ตลาดพลู-ภาษีเจริญ | E19: 13.72178 | F19: 100.47036 | G19: templeHistory,viewpoint | H19: 1 | I19: 4.7 | J19: 08:00-18:00 | K19: 08:00-18:00 | L19: 08:00-18:00 | M19: 08:00-18:00 | N19: 08:00-18:00 | O19: 08:00-18:00 | P19: 08:00-18:00 | Q19: 60 | R19: 0 | S19: วัดริมคลองภาษีเจริญ มีมหาเจดีย์สีขาวสูง ชั้นบนสุดมีเจดีย์แก้วสีเขียว | V19: ตรวจเวลาเปิด | W19: Google ระบุเปิด 24 ชม. แต่ใช้ 08:00–18:00 ตามเวลาเข้าชมพระมหาเจดีย์โดยประมาณ ควรตรวจสอบ | X19: แหล่งท่องเที่ยว | AA19: วัดปากน้ำภาษีเจริญ | AB19: 12132 | AC19: วัด | AD19: แก้จาก Google (ดูหมายเหตุ) | AF19: ประมาณการจากค่าเข้า | AG19: 0 | AH19: 300 วัดปากน้ำภาษีเจริญ ซอย รัชมงคลประสาธน์ แขวงปากคลองภาษีเจริญ เขตภาษีเจริญ กรุงเทพมหานคร 10160 | AJ19: ChIJvwXXwEWY4jARC2dj117syBA | AK19: เปิดแผนที่ ↗
A20: bangkok-attraction-wat-pho | B20: attraction | C20: วัดพระเชตุพนวิมลมังคลาราม (วัดโพธิ์) | D20: เกาะรัตนโกสินทร์ | E20: 13.74642 | F20: 100.49277 | G20: templeHistory,wellness | H20: 1 | I20: 4.7 | J20: 08:00-18:30 | K20: 08:00-18:30 | L20: 08:00-18:30 | M20: 08:00-18:30 | N20: 08:00-18:30 | O20: 08:00-18:30 | P20: 08:00-18:30 | Q20: 90 | R20: 300 | S20: พระพุทธไสยาสน์องค์ใหญ่และต้นตำรับนวดแผนไทย | W20: id ตรงกับที่มีอยู่แล้วใน bangkok.json / Google ไม่คืนข้อมูล ใช้ rating และเวลาจาก bangkok.json เดิม / คนไทยเข้าฟรี | X20: แหล่งท่องเที่ยว | AD20: ประมาณการ/แหล่งข้อมูลอื่น | AF20: ประมาณการจากค่าเข้า | AG20: 0 | AK20: เปิดแผนที่ ↗
A21: bangkok-attraction-yaowarat | B21: attraction | C21: เยาวราช | D21: เยาวราช | E21: 13.7397 | F21: 100.5099 | G21: localFood,nightlife | H21: 1 | I21: 4.7 | K21: 17:00-24:00 | L21: 17:00-24:00 | M21: 17:00-24:00 | N21: 17:00-24:00 | O21: 17:00-24:00 | P21: 17:00-24:00 | Q21: 120 | R21: 0 | S21: ไชน่าทาวน์ของกรุงเทพฯ ขึ้นชื่อสตรีทฟู้ดยามค่ำและร้านทองในตึกเก่า | V21: ตรวจเวลาเปิด | W21: เป็นถนน ใช้ช่วงสตรีทฟู้ดยามค่ำ (ประมาณการ) แผงลอยส่วนใหญ่หยุดวันจันทร์ ควรตรวจสอบ | X21: แหล่งท่องเที่ยว | AA21: ถ. เยาวราช | AC21: ถนนที่มีชื่อเสียง | AD21: ประมาณการ/แหล่งข้อมูลอื่น | AF21: ประมาณการจากค่าเข้า | AG21: 0 | AH21: ถ. เยาวราช กรุงเทพมหานคร | AJ21: ChIJ95Nh9yGZ4jARAjfcG2uIZFg | AK21: เปิดแผนที่ ↗
A22: bangkok-restaurant-mahanakhon-eatery | B22: restaurant | C22: Mahanakhon Eatery | D22: สีลม | E22: 13.723905 | F22: 100.52865 | G22: localFood,family | H22: 2 | I22: 4.6 | J22: 08:00-22:00 | K22: 08:00-22:00 | L22: 08:00-22:00 | M22: 08:00-22:00 | N22: 08:00-22:00 | O22: 08:00-22:00 | P22: 08:00-22:00 | Q22: 60 | R22: 0 | S22: ฟู้ดฮอลล์ใต้ตึกมหานคร รวมร้านอาหารไทยและนานาชาติ แวะก่อนขึ้น SkyWalk ได้ | U22: Y | X22: ร้านอาหาร | Y22: SkyWalk King Power Mahanakhon (คิงเพาเวอร์ มหานคร) | Z22: 0.02 | AA22: Mahanakhon Eatery | AB22: 495 | AC22: ศูนย์อาหาร | AD22: Google Maps (รายวัน) | AE22: ทุกวัน 08:00-22:00 | AF22: ประมาณการจากประเภทร้าน/ทำเล (ยังไม่ยืนยัน) | AH22: 96 ถ.นราธิวาสราชนครินทร์ สีลม บางรัก | AI22: +66 2 677 8721 | AJ22: ChIJpYfHXaef4jARpiefh3BHf1k | AK22: เปิดแผนที่ ↗
A23: bangkok-restaurant-babyccino-mahanakhon | B23: restaurant | C23: Babyccino Mahanakhon | D23: สีลม | E23: 13.72386 | F23: 100.52868 | G23: cafe,family | H23: 2 | I23: 4.7 | J23: 10:00-22:00 | K23: 10:00-22:00 | L23: 10:00-22:00 | M23: 10:00-22:00 | N23: 10:00-22:00 | O23: 10:00-22:00 | P23: 10:00-22:00 | Q23: 60 | R23: 0 | S23: คาเฟ่บรันช์ในมหานครคิวบ์ มีเมนูอาหารเช้า-กลางวันและเครื่องดื่ม | U23: Y | X23: ร้านอาหาร | Y23: SkyWalk King Power Mahanakhon (คิงเพาเวอร์ มหานคร) | Z23: 0.03 | AA23: Babyccino Mahanakhon | AB23: 489 | AC23: ภัตตาคารอาหารเช้าและกลางวัน | AD23: Google Maps (รายวัน) | AE23: ทุกวัน 10:00-22:00 | AF23: ประมาณการจากประเภทร้าน/ทำเล (ยังไม่ยืนยัน) | AH23: Mahanakhon Cube 96 ถ.นราธิวาสฯ สีลม บางรัก | AI23: +66 92 446 9222 | AJ23: ChIJL_Skva2Z4jARptt0z0enAIM | AK23: เปิดแผนที่ ↗
A24: bangkok-restaurant-the-standard-grill | B24: restaurant | C24: The Standard Grill | D24: สีลม | E24: 13.72353 | F24: 100.5283 | H24: 4 | I24: 4.8 | J24: 17:30-22:30 | K24: 17:30-22:30 | L24: 17:30-22:30 | M24: 17:30-22:30 | N24: 17:30-22:30 | O24: 12:00-22:30 | P24: 12:00-22:30 | Q24: 90 | R24: 0 | S24: ร้านสเต็กและอาหารอเมริกันในโรงแรม The Standard มหานคร | U24: Y | V24: ไม่มีแท็กที่ตรงประเภทอาหาร (อาหารต่างชาติ) | W24: เปิด 2 ช่วง (sun 12:00–15:00 / 17:30–22:30; sat 12:00–15:00 / 17:30–22:30) ระบบรองรับช่วงเดียว จึงใส่ช่วงรวม | X24: ร้านอาหาร | Y24: SkyWalk King Power Mahanakhon (คิงเพาเวอร์ มหานคร) | Z24: 0.06 | AA24: The Standard Grill | AB24: 1266 | AC24: ร้านอาหาร, ภัตตาคารอาหารอเมริกัน, ร้านสเต็ก | AD24: Google Maps (รายวัน) | AE24: จ-ศ 17:30-22:30 / ส-อา 12:00-15:00, 17:30-22:30 | AF24: ประมาณการจากประเภทร้าน/ทำเล (ยังไม่ยืนยัน) | AH24: ชั้น 5 The Standard Bangkok Mahanakhon 114 ถ.นราธิวาสฯ | AI24: +66 2 085 8888 | AJ24: ChIJtzsv7T2Z4jAR2fSNVxk9_Jc | AK24: เปิดแผนที่ ↗
A25: bangkok-restaurant-sugar-bliss-ashton-silom | B25: restaurant | C25: Sugar Bliss Coffee & Brunch (Ashton Silom) | D25: สีลม | E25: 13.726351 | F25: 100.52681 | G25: cafe | H25: 2 | I25: 5 | J25: 08:00-18:00 | K25: 08:00-18:00 | L25: 08:00-18:00 | M25: 08:00-18:00 | N25: 08:00-18:00 | O25: 08:00-18:00 | P25: 08:00-18:00 | Q25: 45 | R25: 0 | S25: คาเฟ่กาแฟและบรันช์ย่านสีลม ใกล้ตึกมหานคร | U25: Y | X25: ร้านเครื่องดื่ม | Y25: SkyWalk King Power Mahanakhon (คิงเพาเวอร์ มหานคร) | Z25: 0.32 | AA25: Sugar Bliss Coffee & Brunch (Ashton Silom) | AB25: 60 | AC25: ร้านกาแฟ | AD25: Google Maps (รายวัน) | AE25: ทุกวัน 08:00-18:00 | AF25: ประมาณการจากประเภทร้าน/ทำเล (ยังไม่ยืนยัน) | AH25: Ashton Silom ถ.สีลม สุริยวงศ์ บางรัก | AI25: +66 93 452 2989 | AJ25: ChIJ_9mRbwqZ4jAR5qjatMOK910 | AK25: เปิดแผนที่ ↗
A26: bangkok-restaurant-still-bean-silom | B26: restaurant | C26: Still Bean — Silom | D26: สีลม | E26: 13.727425 | F26: 100.53329 | G26: cafe | H26: 2 | I26: 4.9 | J26: 07:30-20:00 | K26: 07:30-20:00 | L26: 07:30-20:00 | M26: 07:30-20:00 | N26: 07:30-20:00 | O26: 07:30-20:00 | P26: 07:30-20:00 | Q26: 30 | R26: 0 | S26: ร้านกาแฟสเปเชียลตี้บนถนนคอนแวนต์ ย่านสีลม | U26: N | X26: ร้านเครื่องดื่ม | Y26: SkyWalk King Power Mahanakhon (คิงเพาเวอร์ มหานคร) | Z26: 0.64 | AA26: Still Bean — Silom | AB26: 602 | AC26: ร้านกาแฟ | AD26: Google Maps (รายวัน) | AE26: ทุกวัน 07:30-20:00 | AF26: ประมาณการจากประเภทร้าน/ทำเล (ยังไม่ยืนยัน) | AH26: 2, 3 ถ.คอนแวนต์ สีลม บางรัก | AI26: +66 2 000 0101 | AJ26: ChIJpY1mWCaf4jARIHPxN0HALGc | AK26: เปิดแผนที่ ↗
A27: bangkok-restaurant-gatta-cafe-park-silom | B27: restaurant | C27: GATTA Cafe (Park Silom) - Specialty Coffee | D27: สีลม | E27: 13.727861 | F27: 100.53353 | G27: cafe | H27: 2 | I27: 4.9 | J27: 07:00-17:30 | K27: 07:00-17:30 | L27: 07:00-17:30 | M27: 07:00-17:30 | N27: 07:00-17:30 | O27: 08:00-16:30 | P27: 08:00-16:30 | Q27: 30 | R27: 0 | S27: ร้านกาแฟสเปเชียลตี้และโรงคั่วกาแฟในพาร์คสีลม | U27: N | X27: ร้านเครื่องดื่ม | Y27: SkyWalk King Power Mahanakhon (คิงเพาเวอร์ มหานคร) | Z27: 0.69 | AA27: GATTA CAfe (Park Silom) - Specialty Coffee | AC27: ร้านกาแฟ, โรงคั่วกาแฟ, ร้านอุปกรณ์กาแฟ | AD27: ตารางของเพื่อน (Google ให้มาแค่ 1 วัน) | AE27: จ-ศ 07:00-17:30 / ส-อา 08:00-16:30 | AF27: ประมาณการจากประเภทร้าน/ทำเล (ยังไม่ยืนยัน) | AH27: ชั้น L Park Silom ถ.สีลม บางรัก | AI27: +66 96 079 8822 | AJ27: ChIJ54yK4R2f4jARqeeHInvT16Y | AK27: เปิดแผนที่ ↗
A28: bangkok-restaurant-brioche-from-heaven | B28: restaurant | C28: Brioche from Heaven | D28: สีลม | E28: 13.724035 | F28: 100.5296 | G28: cafe | H28: 2 | I28: 4.4 | J28: 08:30-18:30 | K28: 08:30-18:30 | L28: 08:30-18:30 | M28: 08:30-18:30 | N28: 08:30-18:30 | O28: 08:30-18:30 | P28: 08:30-18:30 | Q28: 30 | R28: 0 | S28: ร้านเบเกอรี่ขึ้นชื่อเรื่องบริยอช ย่านสีลม-นราธิวาสฯ | U28: N | X28: ร้านของหวาน | Y28: SkyWalk King Power Mahanakhon (คิงเพาเวอร์ มหานคร) | Z28: 0.12 | AA28: บริยอช ฟอร์ม เฮฟเว่น | AB28: 1411 | AC28: ร้านเบเกอรี่ | AD28: Google Maps (รายวัน) | AE28: ทุกวัน 08:30-18:30 | AF28: ประมาณการจากประเภทร้าน/ทำเล (ยังไม่ยืนยัน) | AH28: 156 ถ.นราธิวาสราชนครินทร์ สีลม บางรัก | AI28: +66 64 847 0049 | AJ28: ChIJsbfRmjGZ4jARcKFHjhSe1ls | AK28: เปิดแผนที่ ↗
A29: bangkok-restaurant-after-you-silom-complex | B29: restaurant | C29: After You Dessert Café (Silom Complex) | D29: สีลม | E29: 13.728473 | F29: 100.53504 | G29: cafe,family | H29: 2 | I29: 4.4 | J29: 10:30-21:00 | K29: 10:30-21:00 | L29: 10:30-21:00 | M29: 10:30-21:00 | N29: 10:30-21:00 | O29: 10:30-21:00 | P29: 10:30-21:00 | Q29: 45 | R29: 0 | S29: ร้านของหวานชื่อดัง ขึ้นชื่อเรื่องบิงซูและฮันนี่โทสต์ ในสีลมคอมเพล็กซ์ | U29: N | X29: ร้านของหวาน | Y29: SkyWalk King Power Mahanakhon (คิงเพาเวอร์ มหานคร) | Z29: 0.86 | AA29: อาฟเตอร์ ยู - สีลม คอมเพล็กซ์ | AB29: 1350 | AC29: ร้านขนมหวาน, ร้านเบเกอรี่ | AD29: Google Maps (รายวัน) | AE29: ทุกวัน 10:30-21:00 | AF29: ประมาณการจากประเภทร้าน/ทำเล (ยังไม่ยืนยัน) | AH29: Silom Complex ชั้น 2 191 ถ.สีลม บางรัก | AI29: +66 2 231 3255 | AJ29: ChIJa2em1dGY4jARkD433irtHU8 | AK29: เปิดแผนที่ ↗
A30: bangkok-restaurant-kyo-roll-en-silom-complex | B30: restaurant | C30: Kyo Roll En (Silom Complex) | D30: สีลม | E30: 13.728085 | F30: 100.53494 | G30: cafe | H30: 2 | I30: 4.1 | J30: 10:30-22:00 | K30: 10:30-22:00 | L30: 10:30-22:00 | M30: 10:30-22:00 | N30: 10:30-22:00 | O30: 10:30-22:00 | P30: 10:30-22:00 | Q30: 30 | R30: 0 | S30: ร้านโรลเค้กและของหวานสไตล์ญี่ปุ่น ในสีลมคอมเพล็กซ์ | U30: N | X30: ร้านของหวาน | Y30: SkyWalk King Power Mahanakhon (คิงเพาเวอร์ มหานคร) | Z30: 0.83 | AA30: เกียวโรลเอนสีลมคอมเพล็กซ์ | AB30: 61 | AC30: ร้านขนมหวาน | AD30: Google Maps (รายวัน) | AE30: ทุกวัน 10:30-22:00 | AF30: ประมาณการจากประเภทร้าน/ทำเล (ยังไม่ยืนยัน) | AH30: Silom Complex ชั้น B 191 ถ.สีลม บางรัก | AI30: +66 65 717 9010 | AJ30: ChIJr9hEAyyf4jARq1DOwvgEalo | AK30: เปิดแผนที่ ↗
A31: bangkok-restaurant-thong-heng-lee | B31: restaurant | C31: Thong Heng Lee Restaurant | D31: เกาะรัตนโกสินทร์ | E31: 13.752679 | F31: 100.48939 | G31: localFood | H31: 1 | I31: 4.8 | K31: 08:30-16:30 | L31: 08:30-16:30 | M31: 08:30-16:30 | N31: 08:30-16:30 | O31: 08:30-16:30 | P31: 08:30-16:30 | Q31: 60 | R31: 0 | S31: ร้านอาหารไทย-จีนย่านท่าช้าง ราคาย่อมเยา มีของหวานและไอศกรีม | U31: Y | X31: ร้านอาหาร | Y31: วัดพระศรีรัตนศาสดาราม (วัดพระแก้ว) | Z31: 0.38 | AA31: ร้านอาหารท่งเฮงหลี | AB31: 1591 | AC31: ภัตตาคารอาหารไทย, ร้านของหวาน, ร้านไอศกรีม | AD31: Google Maps (รายวัน) | AE31: อ-อา 08:30-16:30 (ปิดวันจันทร์) | AF31: ประมาณการจากประเภทร้าน/ทำเล (ยังไม่ยืนยัน) | AH31: 192-194 ถ.มหาราช พระบรมมหาราชวัง พระนคร | AI31: +66 81 649 4890 | AJ31: ChIJqda0RQmZ4jAR861kobU9SaE | AK31: เปิดแผนที่ ↗
A32: bangkok-restaurant-the-gate-grand-palace | B32: restaurant | C32: The Gate Grand Palace | D32: เกาะรัตนโกสินทร์ | E32: 13.752174 | F32: 100.48915 | G32: localFood | H32: 2 | I32: 4.5 | J32: 09:00-18:00 | K32: 09:00-18:00 | L32: 09:00-18:00 | M32: 09:00-18:00 | N32: 09:00-18:00 | O32: 09:00-18:00 | P32: 09:00-18:00 | Q32: 60 | R32: 0 | S32: ร้านอาหารไทยบนถนนหน้าพระลาน ตรงข้ามพระบรมมหาราชวัง | U32: Y | X32: ร้านอาหาร | Y32: วัดพระศรีรัตนศาสดาราม (วัดพระแก้ว) | Z32: 0.39 | AA32: เดอะ เกท (แกรนด์พาเลซ) | AB32: 621 | AC32: ภัตตาคารอาหารไทย | AD32: Google Maps (รายวัน) | AE32: ทุกวัน 09:00-18:00 | AF32: ประมาณการจากประเภทร้าน/ทำเล (ยังไม่ยืนยัน) | AH32: 77 ถ.หน้าพระลาน ท่าช้าง พระนคร | AI32: +66 82 752 4993 | AJ32: ChIJXSG1gOGZ4jARQWWzQjSY8Hw | AK32: เปิดแผนที่ ↗
A33: bangkok-restaurant-krua-na-wang | B33: restaurant | C33: Thai Royal Kitchen ครัวหน้าวัง | D33: เกาะรัตนโกสินทร์ | E33: 13.749529 | F33: 100.49827 | G33: localFood | H33: 2 | I33: 4.9 | J33: 05:30-14:00 | K33: 05:30-14:00 | L33: 05:30-14:00 | M33: 05:30-14:00 | N33: 05:30-14:00 | O33: 05:30-14:00 | P33: 05:30-14:00 | Q33: 60 | R33: 0 | S33: ร้านอาหารไทยใกล้วัดราชบพิธ เดินถึงพระบรมมหาราชวังได้ | U33: Y | X33: ร้านอาหาร | Y33: วัดพระศรีรัตนศาสดาราม (วัดพระแก้ว) | Z33: 0.64 | AA33: ครัวหน้าวัง | AB33: 427 | AC33: ภัตตาคารอาหารไทย | AD33: Google Maps (รายวัน) | AE33: ทุกวัน 05:30-14:00 (แนะนำสั่งล่วงหน้า) | AF33: ประมาณการจากประเภทร้าน/ทำเล (ยังไม่ยืนยัน) | AH33: 12 ถ.ราชบพิธ วัดราชบพิธ พระนคร | AI33: +66 63 965 5656 | AJ33: ChIJ3RQGqDKZ4jARor7IX-x0y0s | AK33: เปิดแผนที่ ↗
A34: bangkok-restaurant-tawang-thai-tea-wat-phra-kaew | B34: restaurant | C34: Tawang Thai Tea, Legendary of LIGOR @Wat Phra Kaew | D34: เกาะรัตนโกสินทร์ | E34: 13.75252 | F34: 100.49085 | G34: cafe,localFood | H34: 1 | I34: 4.9 | J34: 09:00-17:00 | K34: 09:00-17:00 | L34: 09:00-17:00 | M34: 09:00-17:00 | N34: 09:00-17:00 | O34: 09:00-17:00 | P34: 09:00-17:00 | Q34: 20 | R34: 0 | S34: ร้านชาไทยสูตรเมืองลิกอร์ (นครศรีธรรมราช) บนถนนหน้าพระลาน | U34: N | X34: ร้านเครื่องดื่ม | Y34: วัดพระศรีรัตนศาสดาราม (วัดพระแก้ว) | Z34: 0.23 | AA34: ท่าวัง ตำนานแห่งเมืองลิกอร์ สาขาวัดพระแก้ว | AB34: 103 | AC34: ร้านกาแฟ | AD34: Google Maps (รายวัน) | AE34: ทุกวัน 09:00-17:00 | AF34: ประมาณการจากประเภทร้าน/ทำเล (ยังไม่ยืนยัน) | AH34: 9 ถ.หน้าพระลาน พระบรมมหาราชวัง พระนคร | AI34: +66 88 980 9398 | AJ34: ChIJX1I3HwCZ4jARxCmOcCGCapw | AK34: เปิดแผนที่ ↗
A35: bangkok-restaurant-cloud-phranakhon | B35: restaurant | C35: Cloud Phranakhon | D35: เกาะรัตนโกสินทร์ | E35: 13.75562 | F35: 100.49205 | G35: cafe,localFood | H35: 2 | I35: 4.9 | J35: 07:00-21:00 | K35: 07:00-21:00 | L35: 07:00-21:00 | M35: 07:00-21:00 | N35: 07:00-21:00 | O35: 07:00-21:00 | P35: 07:00-21:00 | Q35: 60 | R35: 0 | S35: คาเฟ่และอาหารไทยมื้อเช้า-กลางวัน ในซอยหน้าพระธาตุ ใกล้ท่าช้าง | U35: Y | X35: ร้านเครื่องดื่ม | Y35: วัดพระศรีรัตนศาสดาราม (วัดพระแก้ว) | Z35: 0.46 | AA35: Cloud Phranakhon | AB35: 126 | AC35: ร้านกาแฟ, ภัตตาคารอาหารเช้า, ภัตตาคารอาหารเช้าและกลางวัน, ร้านอาหาร, ภัตตาคารอาหารไทย | AD35: Google Maps (รายวัน) | AE35: ทุกวัน 07:00-21:00 | AF35: ประมาณการจากประเภทร้าน/ทำเล (ยังไม่ยืนยัน) | AH35: ซ.หน้าพระธาตุ พระบรมมหาราชวัง พระนคร | AI35: +66 80 296 5549 | AJ35: ChIJ0VnuaBeZ4jARYxkgVt-fU-o | AK35: เปิดแผนที่ ↗
A36: bangkok-restaurant-chang-khua-tha-phra-chan | B36: restaurant | C36: ช่างคั่ว สาขาท่าพระจันทร์ | D36: เกาะรัตนโกสินทร์ | E36: 13.75591 | F36: 100.49041 | G36: cafe | H36: 2 | I36: 4.8 | J36: 08:00-16:00 | K36: 08:00-16:00 | L36: 08:00-16:00 | M36: 08:00-16:00 | N36: 08:00-16:00 | O36: 08:00-16:00 | P36: 08:00-16:00 | Q36: 30 | R36: 0 | S36: ร้านกาแฟคั่วเองย่านท่าพระจันทร์ ใกล้มหาวิทยาลัยธรรมศาสตร์ | U36: N | X36: ร้านเครื่องดื่ม | Y36: วัดพระศรีรัตนศาสดาราม (วัดพระแก้ว) | Z36: 0.55 | AA36: ช่างคั่ว สาขาท่าพระจันทร์ | AB36: 234 | AC36: ร้านกาแฟ | AD36: Google Maps (รายวัน) | AE36: ทุกวัน 08:00-16:00 | AF36: ประมาณการจากประเภทร้าน/ทำเล (ยังไม่ยืนยัน) | AH36: 5-7 ซ.ท่าพระจันทร์ พระบรมมหาราชวัง พระนคร | AI36: +66 96 395 9446 | AJ36: ChIJnx1_2XKZ4jARlAWQwKo5-_Y | AK36: เปิดแผนที่ ↗
A37: bangkok-restaurant-nuttaporn-ice-cream | B37: restaurant | C37: Nuttaporn Ice Cream (ไอศกรีมมะพร้าวนัฐพร) | D37: เกาะรัตนโกสินทร์ | E37: 13.75167 | F37: 100.4975 | G37: localFood | H37: 1 | I37: 4.5 | J37: 09:00-17:00 | K37: 09:00-17:00 | L37: 09:00-17:00 | M37: 09:00-17:00 | N37: 09:00-17:00 | O37: 09:00-17:00 | Q37: 20 | R37: 0 | S37: ไอศกรีมกะทิสดสูตรโบราณ ย่านแพร่งภูธร | U37: N | X37: ร้านของหวาน | Y37: วัดพระศรีรัตนศาสดาราม (วัดพระแก้ว) | Z37: 0.52 | AA37: นัฐพรไอศครีมกะทิสด | AC37: ร้านไอศกรีม | AD37: ตารางของเพื่อน (Google ให้มาแค่ 1 วัน) | AE37: จ-ส 09:00-17:00 (ปิดวันอาทิตย์) | AF37: ประมาณการจากประเภทร้าน/ทำเล (ยังไม่ยืนยัน) | AH37: 94 ถ.แพร่งภูธร ศาลเจ้าพ่อเสือ พระนคร | AI37: +66 89 826 5752 | AJ37: ChIJ5VJGvhGZ4jARSBZl5Kc7a2k | AK37: เปิดแผนที่ ↗
A38: bangkok-restaurant-lung-daeng-phraeng-nara | B38: restaurant | C38: ร้านลุงแดง (ขนมไทยโบราณ แพร่งนรา) | D38: เกาะรัตนโกสินทร์ | E38: 13.752426 | F38: 100.498 | G38: localFood | H38: 1 | I38: 4.7 | J38: 09:00-15:00 | K38: 09:00-15:00 | L38: 09:00-15:00 | M38: 09:00-15:00 | N38: 09:00-15:00 | Q38: 20 | R38: 0 | S38: ร้านขนมไทยโบราณย่านแพร่งนรา | U38: N | X38: ร้านของหวาน | Y38: วัดพระศรีรัตนศาสดาราม (วัดพระแก้ว) | Z38: 0.58 | AA38: ร้านลุงแดง | AB38: 63 | AC38: ร้านขนมหวาน | AD38: Google Maps (รายวัน) | AE38: จ-ศ 09:00-15:00 (ปิดเสาร์-อาทิตย์) | AF38: ประมาณการจากประเภทร้าน/ทำเล (ยังไม่ยืนยัน) | AH38: 112 ถ.แพร่งนรา ศาลเจ้าพ่อเสือ พระนคร | AI38: +66 2 622 0404 | AJ38: ChIJa0NEkBGZ4jARK8fGc1AlX4k | AK38: เปิดแผนที่ ↗
A39: bangkok-restaurant-paulette-bkk | B39: restaurant | C39: PAULETTE BKK | D39: เกาะรัตนโกสินทร์ | E39: 13.749523 | F39: 100.49804 | G39: cafe | H39: 2 | I39: 4.5 | J39: 07:30-18:30 | K39: 07:30-18:30 | L39: 07:30-18:30 | M39: 07:30-18:30 | N39: 07:30-18:30 | O39: 07:30-18:30 | P39: 07:30-18:30 | Q39: 45 | R39: 0 | S39: คาเฟ่และร้านขนมปังบนถนนเฟื่องนคร ใกล้วัดราชบพิธ | U39: N | X39: ร้านของหวาน | Y39: วัดพระศรีรัตนศาสดาราม (วัดพระแก้ว) | Z39: 0.62 | AA39: PAULETTE BKK | AB39: 662 | AC39: ร้านกาแฟ, ร้านขายขนมปัง | AD39: Google Maps (รายวัน) | AE39: ทุกวัน 07:30-18:30 | AF39: ประมาณการจากประเภทร้าน/ทำเล (ยังไม่ยืนยัน) | AH39: 65 ถ.เฟื่องนคร วัดราชบพิธ พระนคร | AI39: +66 63 674 6561 | AJ39: ChIJHdQm8CKZ4jARSeplrVUwAtg | AK39: เปิดแผนที่ ↗
A40: bangkok-restaurant-baan-tha-tien | B40: restaurant | C40: Baan ThaTien | D40: เกาะรัตนโกสินทร์ | E40: 13.744685 | F40: 100.49225 | G40: localFood,cafe | H40: 2 | I40: 4.5 | J40: 08:00-19:00 | K40: 08:00-19:00 | L40: 08:00-19:00 | M40: 08:00-19:00 | N40: 08:00-19:00 | O40: 08:00-19:00 | P40: 08:00-19:00 | Q40: 60 | R40: 0 | S40: ร้านอาหารไทยและคาเฟ่ย่านท่าเตียน ใกล้วัดโพธิ์ | U40: Y | X40: ร้านอาหาร | Y40: วัดพระเชตุพนวิมลมังคลาราม (วัดโพธิ์) | Z40: 0.2 | AA40: บ้านท่าเตียน | AB40: 1198 | AC40: ภัตตาคารอาหารไทย, ร้านกาแฟ | AD40: Google Maps (รายวัน) | AE40: ทุกวัน 08:00-19:00 | AF40: ประมาณการจากประเภทร้าน/ทำเล (ยังไม่ยืนยัน) | AH40: 392/2 ถ.มหาราช พระบรมมหาราชวัง พระนคร | AI40: +66 95 151 5545 | AJ40: ChIJAYJsTQSZ4jARi7QrBrmpxY4 | AK40: เปิดแผนที่ ↗
A41: bangkok-restaurant-home-cafe-tha-tien | B41: restaurant | C41: Home Cafe Tha Tien | D41: เกาะรัตนโกสินทร์ | E41: 13.745695 | F41: 100.49125 | G41: localFood | H41: 2 | I41: 4.6 | J41: 10:30-19:00 | K41: 10:30-19:00 | L41: 10:30-19:00 | M41: 10:30-19:00 | N41: 10:30-19:00 | O41: 10:30-19:00 | Q41: 60 | R41: 0 | S41: ร้านอาหารไทยในซอยท่าเตียน เดินจากวัดโพธิ์ได้ | U41: Y | X41: ร้านอาหาร | Y41: วัดพระเชตุพนวิมลมังคลาราม (วัดโพธิ์) | Z41: 0.18 | AA41: โฮม คาเฟ่ ท่าเตียน | AB41: 1285 | AC41: ภัตตาคารอาหารไทย | AD41: Google Maps (รายวัน) | AE41: จ-ส 10:30-19:00 (ปิดวันอาทิตย์) | AF41: ประมาณการจากประเภทร้าน/ทำเล (ยังไม่ยืนยัน) | AH41: 10-14 ซ.ท่าเตียน พระบรมมหาราชวัง พระนคร | AI41: +66 2 622 1936 | AJ41: ChIJ6aLoxQWZ4jARd7FjOaPiQ08 | AK41: เปิดแผนที่ ↗
A42: bangkok-restaurant-rongros | B42: restaurant | C42: RONGROS | D42: เกาะรัตนโกสินทร์ | E42: 13.744255 | F42: 100.49171 | G42: localFood,viewpoint | H42: 3 | I42: 4.7 | J42: 11:00-22:00 | K42: 11:00-22:00 | L42: 11:00-22:00 | M42: 11:00-22:00 | N42: 11:00-22:00 | O42: 11:00-22:00 | P42: 11:00-22:00 | Q42: 75 | R42: 0 | S42: ร้านอาหารไทยริมแม่น้ำเจ้าพระยา มองเห็นวัดอรุณ ย่านท่าเตียน | U42: Y | W42: เปิด 2 ช่วง (sun 11:00–15:00 / 17:00–22:00; mon 11:00–15:00 / 17:00–22:00; tue 11:00–15:00 / 17:00–22:00; wed 11:00–15:00 / 17:00–22:00; thu 11:00–15:00 / 17:00–22:00; fri 11:00–15:00 / 17:00–22:00; sat 11:00–15:00 / 17:00–22:00) ระบบรองรับช่วงเดียว จึงใส่ช่วงรวม | X42: ร้านอาหาร | Y42: วัดพระเชตุพนวิมลมังคลาราม (วัดโพธิ์) | Z42: 0.27 | AA42: โรงรส | AB42: 4923 | AC42: ภัตตาคารอาหารไทย | AD42: Google Maps (รายวัน) | AE42: ทุกวัน 11:00-15:00, 17:00-22:00 | AF42: ประมาณการจากประเภทร้าน/ทำเล (ยังไม่ยืนยัน) | AH42: 392/16 ถ.มหาราช พระบรมมหาราชวัง พระนคร | AI42: +66 96 946 1785 | AJ42: ChIJjYPUa8GZ4jARi9fgigQOiR8 | AK42: เปิดแผนที่ ↗
A43: bangkok-restaurant-orin-coffee-roaster | B43: restaurant | C43: Orin Coffee roaster & Specialty tea | D43: เกาะรัตนโกสินทร์ | E43: 13.745606 | F43: 100.49115 | G43: cafe | H43: 2 | I43: 5 | J43: 08:00-18:00 | K43: 08:00-18:00 | M43: 08:00-18:00 | N43: 08:00-18:00 | O43: 08:00-18:00 | P43: 08:00-18:00 | Q43: 30 | R43: 0 | S43: ร้านกาแฟสเปเชียลตี้และชา คั่วเอง ในซอยท่าเตียน | U43: N | X43: ร้านเครื่องดื่ม | Y43: วัดพระเชตุพนวิมลมังคลาราม (วัดโพธิ์) | Z43: 0.2 | AA43: Orin Coffee roaster & Specialty tea | AB43: 169 | AC43: ร้านกาแฟ, ผู้ผลิตและจำหน่ายเครื่องชงกาแฟและอุปกรณ์, โรงคั่วกาแฟ, ผู้ค้าส่งกาแฟ, บาร์กาแฟเอสเพรสโซ | AD43: Google Maps (รายวัน) | AE43: ทุกวัน 08:00-18:00 (ปิดวันพุธ) | AF43: ประมาณการจากประเภทร้าน/ทำเล (ยังไม่ยืนยัน) | AH43: 20 ซ.ท่าเตียน พระบรมมหาราชวัง พระนคร | AI43: +66 88 666 2027 | AJ43: ChIJ3cc_YhmZ4jARPfL1wgx3Ywk | AK43: เปิดแผนที่ ↗
A44: bangkok-restaurant-slowbar-tha-tien | B44: restaurant | C44: SLOWBAR : Slow coffee & Juice bar | D44: เกาะรัตนโกสินทร์ | E44: 13.745341 | F44: 100.49164 | G44: cafe | H44: 1 | I44: 4.9 | J44: 10:00-19:00 | L44: 10:00-19:00 | M44: 10:00-19:00 | N44: 10:00-19:00 | O44: 10:00-19:00 | P44: 10:00-19:00 | Q44: 30 | R44: 0 | S44: ร้านกาแฟดริปและน้ำผลไม้ ใกล้วัดโพธิ์ | U44: N | X44: ร้านเครื่องดื่ม | Y44: วัดพระเชตุพนวิมลมังคลาราม (วัดโพธิ์) | Z44: 0.17 | AA44: ชา โลว บาร์ | AB44: 616 | AC44: ร้านขายน้ำ, ร้านกาแฟ, คาเฟ่ผลไม้ | AD44: Google Maps (รายวัน) | AE44: ทุกวัน 10:00-19:00 (ปิดวันอังคาร) | AF44: ประมาณการจากประเภทร้าน/ทำเล (ยังไม่ยืนยัน) | AH44: 85/2 พระบรมมหาราชวัง พระนคร | AI44: +66 94 952 6463 | AJ44: ChIJI7VVefWZ4jARWW57XZMlPO4 | AK44: เปิดแผนที่ ↗
A45: bangkok-restaurant-tang-de-tien-cafe | B45: restaurant | C45: ตั้งเตียนน์ - Tang De Tien Cafe' & Curated twist | D45: เกาะรัตนโกสินทร์ | E45: 13.746025 | F45: 100.4912 | G45: localFood,cafe | H45: 2 | I45: 5 | J45: 09:30-20:30 | K45: 09:30-20:30 | L45: 09:30-20:30 | M45: 09:30-20:30 | N45: 09:30-20:30 | O45: 09:30-20:30 | P45: 09:30-20:30 | Q45: 60 | R45: 0 | S45: คาเฟ่และร้านอาหารไทยบนถนนมหาราช ย่านท่าเตียน | U45: Y | X45: ร้านเครื่องดื่ม | Y45: วัดพระเชตุพนวิมลมังคลาราม (วัดโพธิ์) | Z45: 0.17 | AA45: ตั้งเตียนน์ - Tang De Tiên Cafe’ & Curated twist | AB45: 95 | AC45: ภัตตาคารอาหารไทย | AD45: Google Maps (รายวัน) | AE45: ทุกวัน 09:30-20:30 | AF45: ประมาณการจากประเภทร้าน/ทำเล (ยังไม่ยืนยัน) | AH45: 312-314 ถ.มหาราช พระบรมมหาราชวัง พระนคร | AI45: +66 61 415 1555 | AJ45: ChIJpRm_RwCZ4jARHuxdKSbqYX0 | AK45: เปิดแผนที่ ↗
A46: bangkok-restaurant-heychom-thai-dessert-bar | B46: restaurant | C46: Heychom Thai Dessert Bar | D46: เกาะรัตนโกสินทร์ | E46: 13.74592 | F46: 100.49127 | G46: localFood,cafe | H46: 2 | I46: 4.8 | J46: 11:00-18:00 | K46: 11:00-18:00 | L46: 11:00-18:00 | M46: 11:00-18:00 | N46: 11:00-18:00 | O46: 11:00-18:00 | P46: 11:00-18:00 | Q46: 30 | R46: 0 | S46: ร้านขนมไทยสไตล์ร่วมสมัยบนถนนมหาราช ใกล้วัดโพธิ์ | U46: N | X46: ร้านของหวาน | Y46: วัดพระเชตุพนวิมลมังคลาราม (วัดโพธิ์) | Z46: 0.17 | AA46: Heychom Thai Dessert Bar | AB46: 151 | AC46: ร้านขนมหวาน | AD46: Google Maps (รายวัน) | AE46: ทุกวัน 11:00-18:00 | AF46: ประมาณการจากประเภทร้าน/ทำเล (ยังไม่ยืนยัน) | AH46: 320 ถ.มหาราช พระบรมมหาราชวัง พระนคร | AI46: +66 99 239 9246 | AJ46: ChIJf676IJeZ4jARHVCHVT4OJko | AK46: เปิดแผนที่ ↗
A47: bangkok-restaurant-after-sunrise-chetuphon-gate | B47: restaurant | C47: After Sunrise | D47: เกาะรัตนโกสินทร์ | E47: 13.745007 | F47: 100.49194 | G47: cafe | H47: 2 | I47: 4.8 | J47: 12:00-20:00 | K47: 12:00-20:00 | L47: 12:00-20:00 | M47: 12:00-20:00 | N47: 12:00-20:00 | O47: 12:00-20:00 | P47: 12:00-20:00 | Q47: 30 | R47: 0 | S47: ร้านเบเกอรี่ใน Chetuphon Gate ใกล้วัดโพธิ์ | U47: N | X47: ร้านของหวาน | Y47: วัดพระเชตุพนวิมลมังคลาราม (วัดโพธิ์) | Z47: 0.18 | AA47: After Sunrise | AB47: 256 | AC47: ร้านเบเกอรี่ | AD47: Google Maps (รายวัน) | AE47: ทุกวัน 12:00-20:00 | AF47: ประมาณการจากประเภทร้าน/ทำเล (ยังไม่ยืนยัน) | AH47: 370 ชั้น 2 Chetuphon Gate ซ.ประตูนกยูง พระนคร | AJ47: ChIJ2ewOZh6Z4jARqNuLp2xFDW8 | AK47: เปิดแผนที่ ↗
A48: bangkok-restaurant-a-pink-rabbit-and-bob | B48: restaurant | C48: A Pink Rabbit + Bob | D48: เกาะรัตนโกสินทร์ | E48: 13.744936 | F48: 100.49202 | G48: cafe | H48: 2 | I48: 4.5 | J48: 09:00-20:00 | K48: 09:00-20:00 | L48: 09:00-20:00 | M48: 09:00-20:00 | N48: 09:00-20:00 | O48: 09:00-20:00 | P48: 09:00-20:00 | Q48: 30 | R48: 0 | S48: คาเฟ่เค้กและเบเกอรี่บนถนนมหาราช ใกล้วัดโพธิ์ | U48: N | X48: ร้านของหวาน | Y48: วัดพระเชตุพนวิมลมังคลาราม (วัดโพธิ์) | Z48: 0.18 | AA48: A Pink Rabbit + Bob | AB48: 973 | AC48: ร้านเค้ก, ร้านเบเกอรี่, ร้านกาแฟ | AD48: Google Maps (รายวัน) | AE48: ทุกวัน 09:00-20:00 | AF48: ประมาณการจากประเภทร้าน/ทำเล (ยังไม่ยืนยัน) | AH48: 378 ถ.มหาราช พระบรมมหาราชวัง พระนคร | AI48: +66 62 639 8880 | AJ48: ChIJv9Qyc9uZ4jAR7LyLQfsLySI | AK48: เปิดแผนที่ ↗
A49: bangkok-restaurant-chom-arun | B49: restaurant | C49: Chom Arun | D49: ริมแม่น้ำเจ้าพระยา | E49: 13.744048 | F49: 100.49177 | G49: localFood,viewpoint | H49: 3 | I49: 4.5 | J49: 10:30-21:30 | K49: 10:30-21:30 | L49: 10:30-21:30 | M49: 10:30-21:30 | N49: 10:30-21:30 | O49: 10:30-21:30 | P49: 10:30-21:30 | Q49: 75 | R49: 0 | S49: ร้านอาหารไทยริมน้ำ วิววัดอรุณ ย่านท่าเตียน | U49: Y | X49: ร้านอาหาร | Y49: วัดอรุณราชวรารามราชวรมหาวิหาร | Z49: 0.36 | AA49: Chom Arun Restaurant | AB49: 1848 | AC49: ภัตตาคารอาหารไทย, ร้านกาแฟ, ร้านอาหาร | AD49: Google Maps (รายวัน) | AE49: ทุกวัน 10:30-21:30 | AF49: ประมาณการจากประเภทร้าน/ทำเล (ยังไม่ยืนยัน) | AH49: 392/53 ถ.มหาราช พระบรมมหาราชวัง พระนคร | AI49: +66 95 446 4199 | AJ49: ChIJg86wsZ-Z4jARYyyrIYV1rpw | AK49: เปิดแผนที่ ↗
A50: bangkok-restaurant-supanniga-eating-room-tha-tien | B50: restaurant | C50: Supanniga Eating Room Tha Tien | D50: ริมแม่น้ำเจ้าพระยา | E50: 13.744135 | F50: 100.49173 | G50: localFood,viewpoint,nightlife | H50: 3 | I50: 4.5 | J50: 11:00-22:00 | K50: 11:00-22:00 | L50: 11:00-22:00 | M50: 11:00-22:00 | N50: 11:00-22:00 | O50: 10:00-22:00 | P50: 10:00-22:00 | Q50: 75 | R50: 0 | S50: ร้านอาหารไทยสูตรบ้าน มีชั้นดาดฟ้าวิววัดอรุณ ย่านท่าเตียน | U50: Y | X50: ร้านอาหาร | Y50: วัดอรุณราชวรารามราชวรมหาวิหาร | Z50: 0.36 | AA50: ห้องทานข้าวสุพรรณิการ์ ท่าเตียน | AB50: 2936 | AC50: ภัตตาคารอาหารไทย, ภัตตาคารอาหารเช้าและกลางวัน, บาร์ค็อกเทล, ร้านอาหาร, บาร์ไวน์ | AD50: Google Maps (รายวัน) | AE50: จ-ศ 11:00-22:00 / ส-อา 10:00-22:00 | AF50: ประมาณการจากประเภทร้าน/ทำเล (ยังไม่ยืนยัน) | AH50: 392/25-26 ซ.เพ็ญพัฒน์ 2 พระบรมมหาราชวัง พระนคร | AI50: +66 92 253 9251 | AJ50: ChIJjZS9RwSZ4jARNZMgiT03fJ4 | AK50: เปิดแผนที่ ↗
A51: bangkok-restaurant-eat-sight-story-deck | B51: restaurant | C51: Eat Sight Story Deck | D51: ริมแม่น้ำเจ้าพระยา | E51: 13.745267 | F51: 100.49095 | G51: localFood,viewpoint | H51: 3 | I51: 4.4 | J51: 11:00-22:00 | K51: 11:00-22:00 | L51: 11:00-22:00 | M51: 11:00-22:00 | N51: 11:00-22:00 | O51: 11:00-22:00 | P51: 11:00-22:00 | Q51: 75 | R51: 0 | S51: ร้านอาหารไทย-ฟิวชั่นริมแม่น้ำ วิววัดอรุณ ในซอยท่าเตียน | U51: Y | X51: ร้านอาหาร | Y51: วัดอรุณราชวรารามราชวรมหาวิหาร | Z51: 0.31 | AA51: EAT SIGHT STORY (BITTER DECK)​ | AB51: 1838 | AC51: ร้านอาหารฟิวชั่นเอเชีย, ร้านอาหาร, ภัตตาคารอาหารไทย | AD51: Google Maps (รายวัน) | AE51: ทุกวัน 11:00-22:00 | AF51: ประมาณการจากประเภทร้าน/ทำเล (ยังไม่ยืนยัน) | AH51: 47-79 ซ.ท่าเตียน พระบรมมหาราชวัง พระนคร | AI51: +66 83 988 8735 | AJ51: ChIJ961s0QWZ4jARvvtf8tT2ZzQ | AK51: เปิดแผนที่ ↗
A52: bangkok-restaurant-vivi-the-coffee-place | B52: restaurant | C52: ViVi The Coffee Place | D52: ริมแม่น้ำเจ้าพระยา | E52: 13.743691 | F52: 100.49211 | G52: cafe,viewpoint | H52: 2 | I52: 4.2 | J52: 10:00-20:00 | K52: 10:00-20:00 | L52: 10:00-20:00 | M52: 10:00-20:00 | N52: 10:00-20:00 | O52: 10:00-20:00 | P52: 10:00-20:00 | Q52: 45 | R52: 0 | S52: คาเฟ่ริมแม่น้ำเจ้าพระยา มองเห็นวัดอรุณ | U52: N | X52: ร้านเครื่องดื่ม | Y52: วัดอรุณราชวรารามราชวรมหาวิหาร | Z52: 0.4 | AA52: วีวี่ เดอะ คอฟฟี่ เพลส | AB52: 1761 | AC52: ร้านกาแฟ | AD52: Google Maps (รายวัน) | AE52: ทุกวัน 10:00-20:00 | AF52: ประมาณการจากประเภทร้าน/ทำเล (ยังไม่ยืนยัน) | AH52: 394/29 ซ.ปานสุข พระบรมมหาราชวัง พระนคร | AI52: +66 2 226 4672 | AJ52: ChIJrTG8QwSZ4jAR7y9dYWUsw_o | AK52: เปิดแผนที่ ↗
A53: bangkok-restaurant-arun-cafe | B53: restaurant | C53: Arun-Cafe | D53: ริมแม่น้ำเจ้าพระยา | E53: 13.742653 | F53: 100.48749 | G53: cafe | H53: 2 | I53: 4.6 | J53: 09:00-18:00 | K53: 09:00-18:00 | L53: 09:00-18:00 | M53: 09:00-18:00 | N53: 09:00-18:00 | O53: 09:00-18:00 | P53: 09:00-18:00 | Q53: 30 | R53: 0 | S53: ร้านกาแฟบนถนนอรุณอมรินทร์ ฝั่งวัดอรุณ | U53: N | X53: ร้านเครื่องดื่ม | Y53: วัดอรุณราชวรารามราชวรมหาวิหาร | Z53: 0.17 | AA53: Arun-Cafe | AB53: 187 | AC53: ร้านกาแฟ | AD53: Google Maps (รายวัน) | AE53: ทุกวัน 09:00-18:00 | AF53: ประมาณการจากประเภทร้าน/ทำเล (ยังไม่ยืนยัน) | AH53: 169/3 ถ.อรุณอมรินทร์ วัดอรุณ บางกอกใหญ่ | AJ53: ChIJhbOGK6qZ4jARpbTx6P5md9s | AK53: เปิดแผนที่ ↗
A54: bangkok-restaurant-gunsbake-cafe | B54: restaurant | C54: gunsbake.cafe | D54: ริมแม่น้ำเจ้าพระยา | E54: 13.741682 | F54: 100.48632 | G54: cafe | H54: 2 | I54: 4.9 | J54: 10:00-18:00 | L54: 10:00-16:00 | M54: 10:00-18:00 | N54: 10:00-16:00 | O54: 10:00-18:00 | P54: 10:00-17:00 | Q54: 30 | R54: 0 | S54: คาเฟ่และขนมอบบนถนนวังเดิม ใกล้วัดอรุณ | U54: N | X54: ร้านเครื่องดื่ม | Y54: วัดอรุณราชวรารามราชวรมหาวิหาร | Z54: 0.33 | AA54: gunsbake.cafe | AB54: 242 | AC54: ร้านกาแฟ | AD54: Google Maps (รายวัน) | AE54: จ 10:00-18:00 / พ 10:00-16:00 / พฤ 10:00-18:00 / ศ 10:00-16:00 / ส 10:00-18:00 / อา 10:00-17:00 (ปิดวันอังคาร) | AF54: ประมาณการจากประเภทร้าน/ทำเล (ยังไม่ยืนยัน) | AH54: 39/7 ถ.วังเดิม วัดอรุณ บางกอกใหญ่ | AI54: +66 86 824 5353 | AJ54: ChIJwznn8QSZ4jARth7RYPTDmAc | AK54: เปิดแผนที่ ↗
A55: bangkok-restaurant-before-sunset-tha-tien | B55: restaurant | C55: Before Sunset | D55: ริมแม่น้ำเจ้าพระยา | E55: 13.744784 | F55: 100.49129 | G55: cafe | H55: 2 | I55: 4.2 | J55: 13:00-20:00 | K55: 13:00-20:00 | L55: 13:00-20:00 | M55: 13:00-20:00 | N55: 13:00-20:00 | O55: 13:00-20:00 | P55: 13:00-20:00 | Q55: 30 | R55: 0 | S55: คาเฟ่ไอศกรีมและเครื่องดื่ม ซอยประตูนกยูง ย่านท่าเตียน | U55: N | X55: ร้านของหวาน | Y55: วัดอรุณราชวรารามราชวรมหาวิหาร | Z55: 0.32 | AA55: Before Sunset | AB55: 424 | AC55: ร้านไอศกรีม, ร้านกาแฟ, ร้านขายน้ำอัดลม, บาร์ไวน์ | AD55: Google Maps (รายวัน) | AE55: ทุกวัน 13:00-20:00 | AF55: ประมาณการจากประเภทร้าน/ทำเล (ยังไม่ยืนยัน) | AH55: 40/1 ซ.ประตูนกยูง พระบรมมหาราชวัง พระนคร | AJ55: ChIJ28Sybv2Z4jARwGxmuwOJbso | AK55: เปิดแผนที่ ↗
A56: bangkok-restaurant-priscilla-ice-cream | B56: restaurant | C56: Priscilla Ice Cream | D56: ริมแม่น้ำเจ้าพระยา | E56: 13.746548 | F56: 100.48461 | G56: cafe | H56: 2 | I56: 4.8 | J56: 08:00-18:00 | K56: 08:00-18:00 | L56: 08:00-18:00 | M56: 08:00-18:00 | N56: 08:00-20:00 | O56: 08:00-20:00 | P56: 08:00-19:00 | Q56: 30 | R56: 0 | S56: ร้านไอศกรีมในซอยริมคลองมอญ ฝั่งวัดอรุณ | U56: N | X56: ร้านของหวาน | Y56: วัดอรุณราชวรารามราชวรมหาวิหาร | Z56: 0.51 | AA56: Priscilla Ice Cream | AB56: 384 | AC56: ร้านไอศกรีม | AD56: Google Maps (รายวัน) | AE56: จ-พฤ 08:00-18:00 / ศ-ส 08:00-20:00 / อา 08:00-19:00 | AF56: ประมาณการจากประเภทร้าน/ทำเล (ยังไม่ยืนยัน) | AH56: 59 ซ.ริมคลองมอญ วัดอรุณ บางกอกใหญ่ | AI56: +66 83 008 7451 | AJ56: ChIJ321kK3GZ4jAR2rRWuWXBPMw | AK56: เปิดแผนที่ ↗
A57: bangkok-restaurant-ice-therapy-gelato | B57: restaurant | C57: Ice Therapy (ไอศกรีมเจลาโต้) | D57: ริมแม่น้ำเจ้าพระยา | E57: 13.741523 | F57: 100.48604 | G57: cafe | H57: 2 | I57: 4.9 | J57: 12:00-20:00 | K57: 12:00-20:00 | M57: 12:00-20:00 | N57: 12:00-20:00 | O57: 12:00-20:00 | P57: 12:00-20:00 | Q57: 30 | R57: 0 | S57: ร้านเจลาโต้บนถนนวังเดิม ใกล้วัดอรุณ | U57: N | X57: ร้านของหวาน | Y57: วัดอรุณราชวรารามราชวรมหาวิหาร | Z57: 0.37 | AA57: Ice Therapy | AB57: 133 | AC57: ร้านไอศกรีม | AD57: Google Maps (รายวัน) | AE57: จ,อ,พฤ-อา 12:00-20:00 (ปิดวันพุธ) | AF57: ประมาณการจากประเภทร้าน/ทำเล (ยังไม่ยืนยัน) | AH57: 105 ถ.วังเดิม วัดอรุณ บางกอกใหญ่ | AI57: +66 95 775 9794 | AJ57: ChIJJQLvOwCZ4jARUyBcQD86DEY | AK57: เปิดแผนที่ ↗
A58: bangkok-restaurant-toomaroi-cafe | B58: restaurant | C58: ร้านตุ้มอร่อย คาเฟ่ Toomaroi Café | D58: ตลาดพลู-ภาษีเจริญ | E58: 13.718533 | F58: 100.46772 | G58: localFood,cafe | H58: 2 | I58: 5 | J58: 09:30-17:30 | K58: 09:30-17:30 | N58: 09:30-17:30 | O58: 09:30-17:30 | P58: 09:30-17:30 | Q58: 60 | R58: 0 | S58: ร้านอาหารไทยและคาเฟ่ ย่านภาษีเจริญ ใกล้วัดปากน้ำ | U58: Y | X58: ร้านอาหาร | Y58: วัดปากน้ำภาษีเจริญ | Z58: 0.46 | AA58: ร้าน ตุ้มอร่อย คาเฟ่ Toomaroi Café | AB58: 597 | AC58: ภัตตาคารอาหารไทย | AD58: Google Maps (รายวัน) | AE58: จ,อ,ศ-อา 09:30-17:30 (ปิดพุธ-พฤหัสบดี) | AF58: ประมาณการจากประเภทร้าน/ทำเล (ยังไม่ยืนยัน) | AH58: 119/18 ถ.เทอดไท ปากคลองภาษีเจริญ ภาษีเจริญ | AI58: +66 95 998 7928 | AJ58: ChIJT3ZAob-Z4jARZKL_lsJzvVY | AK58: เปิดแผนที่ ↗
A59: bangkok-restaurant-hidden-bangkok-bistro | B59: restaurant | C59: Hidden Bangkok Bistro | D59: ตลาดพลู-ภาษีเจริญ | E59: 13.721551 | F59: 100.47194 | H59: 2 | I59: 4.5 | J59: 09:00-22:00 | K59: 09:00-22:00 | L59: 09:00-22:00 | M59: 09:00-22:00 | N59: 09:00-22:00 | O59: 09:00-22:00 | P59: 09:00-22:00 | Q59: 60 | R59: 0 | S59: ร้านอาหารสไตล์บิสโทร ซอยเทอดไท 26 ย่านตลาดพลู | U59: Y | V59: ไม่มีแท็กที่ตรงประเภทอาหาร (อาหารต่างชาติ) | X59: ร้านอาหาร | Y59: วัดปากน้ำภาษีเจริญ | Z59: 0.17 | AA59: Hidden Bangkok Bistro | AB59: 1031 | AC59: ร้านอาหาร | AD59: Google Maps (รายวัน) | AE59: ทุกวัน 09:00-22:00 | AF59: ประมาณการจากประเภทร้าน/ทำเล (ยังไม่ยืนยัน) | AH59: 872/8 ซ.เทอดไท 26 ตลาดพลู ธนบุรี | AI59: +66 90 897 9835 | AJ59: ChIJZ6CYhMaZ4jARJ98e1bZkf5Y | AK59: เปิดแผนที่ ↗
A60: bangkok-restaurant-chaleng-mee-krachet-talat-phlu | B60: restaurant | C60: ฉอเล้ง หมี่กระเฉด ตลาดพลู | D60: ตลาดพลู-ภาษีเจริญ | E60: 13.720159 | F60: 100.47715 | G60: localFood | H60: 1 | I60: 3.9 | J60: 11:00-23:00 | K60: 11:00-23:00 | L60: 11:00-23:00 | M60: 11:00-23:00 | N60: 11:00-23:00 | O60: 11:00-23:00 | P60: 11:00-23:00 | Q60: 45 | R60: 0 | S60: ร้านหมี่กระเฉดย่านตลาดพลู ซอยเทอดไท 25 | U60: Y | X60: ร้านอาหาร | Y60: วัดปากน้ำภาษีเจริญ | Z60: 0.76 | AA60: ฉอเล้ง หมี่กระเฉด ตลาดพลู | AB60: 511 | AC60: ภัตตาคารอาหารไทย, ร้านอาหาร | AD60: Google Maps (รายวัน) | AE60: ทุกวัน 11:00-23:00 (เสาร์) | AF60: ประมาณการจากประเภทร้าน/ทำเล (ยังไม่ยืนยัน) | AH60: ซ.เทอดไท 25 ตลาดพลู ธนบุรี | AI60: +66 62 569 1465 | AJ60: ChIJ026d7FuY4jARmnM2EpwSY9M | AK60: เปิดแผนที่ ↗
A61: bangkok-restaurant-meili-cafe | B61: restaurant | C61: Meili Cafe เหม่ยลี่คาเฟ่ | D61: ตลาดพลู-ภาษีเจริญ | E61: 13.722615 | F61: 100.46911 | G61: cafe | H61: 2 | I61: 4.8 | J61: 09:00-17:30 | K61: 09:00-17:30 | L61: 09:00-17:30 | M61: 09:00-17:30 | N61: 09:00-17:30 | O61: 09:00-17:30 | P61: 09:00-17:30 | Q61: 30 | R61: 0 | S61: คาเฟ่ย่านปากคลองภาษีเจริญ ใกล้วัดปากน้ำ | U61: N | X61: ร้านเครื่องดื่ม | Y61: วัดปากน้ำภาษีเจริญ | Z61: 0.16 | AA61: Meili Cafe เหม่ยลี่คาเฟ่ | AB61: 335 | AC61: ร้านกาแฟ | AD61: Google Maps (รายวัน) | AE61: ทุกวัน 09:00-17:30 | AF61: ประมาณการจากประเภทร้าน/ทำเล (ยังไม่ยืนยัน) | AH61: 196 ปากคลองภาษีเจริญ ภาษีเจริญ | AI61: +66 82 682 6869 | AJ61: ChIJt441FFyZ4jARjDnyNMSSHCE | AK61: เปิดแผนที่ ↗
A62: bangkok-restaurant-uruea-cafe | B62: restaurant | C62: Uruea Café (อุรุเอ คาเฟ่) | D62: ตลาดพลู-ภาษีเจริญ | E62: 13.724611 | F62: 100.47232 | G62: cafe | H62: 2 | I62: 4.3 | J62: 10:00-19:00 | K62: 10:00-19:00 | L62: 10:00-19:00 | M62: 10:00-19:00 | N62: 10:00-19:00 | O62: 10:00-19:00 | P62: 10:00-19:00 | Q62: 45 | R62: 0 | S62: คาเฟ่ในพื้นที่อู่เรือเก่า ย่านวัดท่าพระ มีอาหารและเครื่องดื่ม | U62: N | X62: ร้านเครื่องดื่ม | Y62: วัดปากน้ำภาษีเจริญ | Z62: 0.38 | AA62: อู่เรือคาเฟ่ (Uruea Cafe Parking) | AB62: 312 | AC62: ร้านกาแฟ, ร้านอาหาร | AD62: Google Maps (รายวัน) | AE62: ทุกวัน 10:00-19:00 | AF62: ประมาณการจากประเภทร้าน/ทำเล (ยังไม่ยืนยัน) | AH62: ซ.เพชรเกษม 15 แยก 9 วัดท่าพระ บางกอกใหญ่ | AI62: +66 61 363 6646 | AJ62: ChIJYdBkWayZ4jARyCQGsj2EXnM | AK62: เปิดแผนที่ ↗
A63: bangkok-restaurant-cino-cafe-wat-paknam | B63: restaurant | C63: Cino (ชิโน่ คาเฟ่) | D63: ตลาดพลู-ภาษีเจริญ | E63: 13.721053 | F63: 100.47033 | G63: cafe | H63: 1 | I63: 4.4 | J63: 09:00-17:00 | K63: 09:00-17:00 | L63: 09:00-17:00 | M63: 09:00-17:00 | N63: 09:00-17:00 | O63: 09:00-17:00 | Q63: 30 | R63: 0 | S63: ร้านกาแฟเล็ก ๆ ใกล้วัดปากน้ำภาษีเจริญ | U63: N | X63: ร้านเครื่องดื่ม | Y63: วัดปากน้ำภาษีเจริญ | Z63: 0.08 | AA63: ชีโน | AB63: 14 | AC63: ร้านกาแฟ | AD63: Google Maps (รายวัน) | AE63: จ-ส 09:00-17:00 (ปิดวันอาทิตย์) | AF63: ประมาณการจากประเภทร้าน/ทำเล (ยังไม่ยืนยัน) | AH63: 112/2 วัดปากน้ำ ปากคลองภาษีเจริญ ภาษีเจริญ | AJ63: ChIJsZOKY0SY4jAR9YUtLVVi9us | AK63: เปิดแผนที่ ↗
A64: bangkok-restaurant-ni-ang-shaved-ice | B64: restaurant | C64: Ni-Ang Shaved Ice Cream (นิ่ง ไอศกรีมไข่แดง) | D64: ตลาดพลู-ภาษีเจริญ | E64: 13.720495 | F64: 100.47751 | G64: localFood | H64: 1 | I64: 4.2 | J64: 15:00-26:00 | K64: 15:00-26:00 | L64: 15:00-26:00 | M64: 15:00-26:00 | N64: 15:00-26:00 | O64: 15:00-26:00 | P64: 15:00-26:00 | Q64: 20 | R64: 0 | S64: ร้านน้ำแข็งไสและไอศกรีมไข่แดง ย่านตลาดพลู | U64: N | W64: ปิดหลังเที่ยงคืน เขียนเวลาปิดเกิน 24:00 ตามรูปแบบ ClockTime | X64: ร้านของหวาน | Y64: วัดปากน้ำภาษีเจริญ | Z64: 0.79 | AA64: นิ-อ่าง น้ำแข็งไส ไอศครีม | AB64: 875 | AC64: ร้านไอศกรีม | AD64: Google Maps (รายวัน) | AE64: ทุกวัน 15:00-02:00 | AF64: ประมาณการจากประเภทร้าน/ทำเล (ยังไม่ยืนยัน) | AH64: 919 ซ.เลียบทางรถไฟ ตลาดพลู ธนบุรี | AI64: +66 81 920 7802 | AJ64: ChIJmZilkluY4jARrhZbeqVgOqQ | AK64: เปิดแผนที่ ↗
A65: bangkok-restaurant-baolu-talat-phlu | B65: restaurant | C65: bāolú | D65: ตลาดพลู-ภาษีเจริญ | E65: 13.721062 | F65: 100.47681 | G65: localFood | H65: 1 | I65: 4.4 | J65: 15:00-23:00 | K65: 15:00-23:00 | L65: 15:00-23:00 | M65: 15:00-23:00 | N65: 15:00-23:00 | O65: 15:00-23:00 | P65: 15:00-23:00 | Q65: 20 | R65: 0 | S65: ขนมปังปิ้งเตาถ่านเจ้าดังย่านตลาดพลู | U65: N | X65: ร้านของหวาน | Y65: วัดปากน้ำภาษีเจริญ | Z65: 0.7 | AA65: ปังโล้ว bāolú - ขนมปังเตาถ่านเจ้าดังตลาดพลู | AB65: 37 | AC65: ร้านขายขนมปัง | AD65: Google Maps (รายวัน) | AE65: ทุกวัน 15:00-23:00 (เสาร์) | AF65: ประมาณการจากประเภทร้าน/ทำเล (ยังไม่ยืนยัน) | AH65: ปากซ.เทอดไท 20 ตลาดพลู ธนบุรี | AI65: +66 81 838 4480 | AJ65: ChIJbxDHe5aZ4jARisr7Zv3inFw | AK65: เปิดแผนที่ ↗
A66: bangkok-restaurant-family-bakery-talat-phlu | B66: restaurant | C66: Family Bakery | D66: ตลาดพลู-ภาษีเจริญ | E66: 13.719025 | F66: 100.47542 | G66: localFood | H66: 1 | I66: 4.4 | J66: 07:00-21:00 | K66: 07:00-21:00 | L66: 07:00-21:00 | M66: 07:00-21:00 | N66: 07:00-21:00 | O66: 07:00-21:00 | P66: 07:00-21:00 | Q66: 20 | R66: 0 | S66: ร้านเบเกอรี่ย่านตลาดพลู ซอยเทอดไท 33 | U66: N | X66: ร้านของหวาน | Y66: วัดปากน้ำภาษีเจริญ | Z66: 0.63 | AA66: แฟมิลี่ เบเกอรี่ | AB66: 16 | AC66: ร้านเบเกอรี่ | AD66: Google Maps (รายวัน) | AE66: ทุกวัน 07:00-21:00 (เสาร์) | AF66: ประมาณการจากประเภทร้าน/ทำเล (ยังไม่ยืนยัน) | AH66: 66/6 ซ.เทอดไท 33 ตลาดพลู ธนบุรี | AI66: +66 2 465 6004 | AJ66: ChIJkSZ-Y1uY4jARBUk3CwCBWZU | AK66: เปิดแผนที่ ↗
A67: bangkok-restaurant-jae-keang-banthat-thong | B67: restaurant | C67: Jae Keang (Banthat Thong) | D67: บรรทัดทอง | E67: 13.74618 | F67: 100.52365 | G67: localFood | H67: 1 | I67: 4.4 | J67: 16:00-24:00 | K67: 16:00-24:00 | L67: 16:00-24:00 | M67: 16:00-24:00 | N67: 16:00-24:00 | O67: 16:00-24:00 | P67: 16:00-24:00 | Q67: 45 | R67: 0 | S67: ร้านอาหารจีนบนถนนบรรทัดทอง | U67: Y | X67: ร้านอาหาร | Y67: บรรทัดทอง (ถ.บรรทัดทอง) | Z67: 0.78 | AA67: ร้านเจ๊เกียง (บรรทัดทอง) | AB67: 740 | AC67: ภัตตาคารอาหารจีน | AD67: Google Maps (รายวัน) | AE67: ทุกวัน 16:00-24:00 | AF67: ประมาณการจากประเภทร้าน/ทำเล (ยังไม่ยืนยัน) | AH67: 679 ถ.บรรทัดทอง วังใหม่ ปทุมวัน | AI67: +66 86 884 4352 | AJ67: ChIJd0oN2SmZ4jARvT7TiGUmDGs | AK67: เปิดแผนที่ ↗
A68: bangkok-restaurant-pa-nee-kung-chae-nam-pla | B68: restaurant | C68: Pa Nee Kung Chae Nam Pla (ป้านีกุ้งแช่น้ำปลา) | D68: บรรทัดทอง | E68: 13.742889 | F68: 100.5237 | G68: seafood,localFood | H68: 2 | I68: 4.8 | J68: 16:00-22:00 | K68: 16:00-22:00 | L68: 01:30-22:00 | M68: 16:00-22:00 | N68: 16:00-22:00 | O68: 16:00-22:00 | P68: 16:00-22:00 | Q68: 45 | R68: 0 | S68: ร้านกุ้งแช่น้ำปลาและอาหารทะเล ซอยจุฬาฯ 14 ย่านบรรทัดทอง | U68: Y | X68: ร้านอาหาร | Y68: บรรทัดทอง (ถ.บรรทัดทอง) | Z68: 0.42 | AA68: ป้านี กุ้งแช่น้ำปลาบรรทัดทอง | AB68: 1180 | AC68: ภัตตาคารอาหารทะเล | AD68: Google Maps (รายวัน) | AE68: ทุกวัน 16:00-22:00 | AF68: ประมาณการจากประเภทร้าน/ทำเล (ยังไม่ยืนยัน) | AH68: 36 ซ.จุฬาฯ 14 วังใหม่ ปทุมวัน | AI68: +66 90 646 9224 | AJ68: ChIJicM_KrqZ4jARknIcSUkpVdg | AK68: เปิดแผนที่ ↗
A69: bangkok-restaurant-somboon-seafood-banthat-thong | B69: restaurant | C69: Somboon Seafood (สมบูรณ์โภชนา บรรทัดทอง) | D69: บรรทัดทอง | E69: 13.745208 | F69: 100.5239 | G69: seafood,localFood,family | H69: 3 | I69: 4.4 | J69: 11:00-22:00 | K69: 11:00-22:00 | L69: 11:00-22:00 | M69: 11:00-22:00 | N69: 11:00-22:00 | O69: 11:00-22:00 | P69: 11:00-22:00 | Q69: 75 | R69: 0 | S69: ภัตตาคารอาหารทะเลเจ้าดัง ต้นตำรับปูผัดผงกะหรี่ สาขาบรรทัดทอง | U69: Y | X69: ร้านอาหาร | Y69: บรรทัดทอง (ถ.บรรทัดทอง) | Z69: 0.67 | AA69: สมบูรณ์โภชนา สาขาบรรทัดทอง | AB69: 4893 | AC69: ภัตตาคารอาหารทะเล | AD69: Google Maps (รายวัน) | AE69: ทุกวัน 11:00-22:00 | AF69: ประมาณการจากประเภทร้าน/ทำเล (ยังไม่ยืนยัน) | AH69: 895/6-21 ถ.บรรทัดทอง วังใหม่ ปทุมวัน | AI69: +66 2 216 4203 | AJ69: ChIJe_8_Ci6Z4jARqgBTNie9XqE | AK69: เปิดแผนที่ ↗
A70: bangkok-restaurant-everyday-thai-tea-hq | B70: restaurant | C70: Everyday Thai Tea (Head Quarter) | D70: บรรทัดทอง | E70: 13.743727 | F70: 100.5237 | G70: cafe | H70: 1 | I70: 4.3 | J70: 10:00-21:00 | K70: 10:00-21:00 | L70: 10:00-21:00 | M70: 10:00-21:00 | N70: 10:00-21:00 | O70: 10:00-21:00 | P70: 10:00-21:00 | Q70: 20 | R70: 0 | S70: ร้านชาไทยและชานมไข่มุก สำนักงานใหญ่ในซอยจุฬาฯ 12 | U70: N | X70: ร้านเครื่องดื่ม | Y70: บรรทัดทอง (ถ.บรรทัดทอง) | Z70: 0.51 | AA70: ฉันจะกินชาเย็นทุกวัน (สำนักงานใหญ่) | AB70: 394 | AC70: ร้านกาแฟ, ชาไข่มุก | AD70: Google Maps (รายวัน) | AE70: ทุกวัน 10:00-21:00 | AF70: ประมาณการจากประเภทร้าน/ทำเล (ยังไม่ยืนยัน) | AH70: 13 ซ.จุฬาลงกรณ์ 12 รองเมือง ปทุมวัน | AI70: +66 81 235 3926 | AJ70: ChIJ3zD-QBaZ4jARgbCPH2kTR3w | AK70: เปิดแผนที่ ↗
A71: bangkok-restaurant-tea-pearl-banthat-thong | B71: restaurant | C71: TEA PEARL | D71: บรรทัดทอง | E71: 13.745036 | F71: 100.52322 | G71: cafe | H71: 1 | I71: 4.4 | J71: 12:00-24:00 | K71: 12:00-24:00 | L71: 12:00-24:00 | M71: 12:00-24:00 | N71: 12:00-24:00 | O71: 12:00-24:00 | P71: 12:00-24:00 | Q71: 20 | R71: 0 | S71: ร้านชานมไข่มุกบนถนนบรรทัดทอง | U71: N | X71: ร้านเครื่องดื่ม | Y71: บรรทัดทอง (ถ.บรรทัดทอง) | Z71: 0.66 | AA71: TEA PEARL | AB71: 80 | AC71: ชาไข่มุก | AD71: Google Maps (รายวัน) | AE71: ทุกวัน 12:00-24:00 | AF71: ประมาณการจากประเภทร้าน/ทำเล (ยังไม่ยืนยัน) | AH71: 1324 ถ.บรรทัดทอง วังใหม่ ปทุมวัน | AI71: +66 90 915 2199 | AJ71: ChIJlZGKHACZ4jARL-eA4Ie6SwI | AK71: เปิดแผนที่ ↗
A72: bangkok-restaurant-happy-house-cafe-banthat-thong | B72: restaurant | C72: Nokhook House Cafe | D72: บรรทัดทอง | E72: 13.742764 | F72: 100.52275 | G72: cafe | H72: 1 | I72: 4.3 | J72: 09:00-26:00 | K72: 16:30-25:30 | L72: 16:30-25:30 | M72: 16:30-25:30 | N72: 16:30-26:00 | O72: 16:30-26:00 | P72: 16:30-26:00 | Q72: 30 | R72: 0 | S72: ร้านชานมไข่มุก ไอศกรีมและของหวาน บนถนนบรรทัดทอง | U72: N | W72: ปิดหลังเที่ยงคืน เขียนเวลาปิดเกิน 24:00 ตามรูปแบบ ClockTime | X72: ร้านเครื่องดื่ม | Y72: บรรทัดทอง (ถ.บรรทัดทอง) | Z72: 0.43 | AA72: แฮปปี้ เฮาส์ คาเฟ่ สาขาบรรทัดทอง (Happy House cafe) | AB72: 188 | AC72: ชาไข่มุก, ร้านขนม, ร้านขนมหวาน, ร้านไอศกรีม, ร้านไอศกรีมซันเด | AD72: Google Maps (รายวัน) | AE72: จ 09:00-02:00 / อ-พฤ 16:30-01:30 / ศ-อา 16:30-02:00 | AF72: ประมาณการจากประเภทร้าน/ทำเล (ยังไม่ยืนยัน) | AH72: 1444 ถ.บรรทัดทอง วังใหม่ ปทุมวัน | AI72: +66 97 424 2363 | AJ72: ChIJ5UstNruZ4jAR8IvFsMS0bH8 | AK72: เปิดแผนที่ ↗
A73: bangkok-restaurant-bingbun | B73: restaurant | C73: Bingbun | D73: บรรทัดทอง | E73: 13.740902 | F73: 100.5224 | G73: cafe | H73: 1 | I73: 4.5 | J73: 16:00-24:00 | K73: 16:00-24:00 | L73: 16:00-24:00 | M73: 16:00-24:00 | N73: 16:00-24:00 | O73: 16:00-24:00 | P73: 16:00-24:00 | Q73: 30 | R73: 0 | S73: ร้านบิงซูและไอศกรีมบนถนนบรรทัดทอง | U73: N | X73: ร้านของหวาน | Y73: บรรทัดทอง (ถ.บรรทัดทอง) | Z73: 0.28 | AA73: บิงบัน | AB73: 187 | AC73: ร้านขนมหวาน, ร้านไอศกรีม | AD73: Google Maps (รายวัน) | AE73: ทุกวัน 16:00-24:00 | AF73: ประมาณการจากประเภทร้าน/ทำเล (ยังไม่ยืนยัน) | AH73: 1638 ถ.บรรทัดทอง วังใหม่ ปทุมวัน | AJ73: ChIJx-0SOgCZ4jARpHRMxuLkE88 | AK73: เปิดแผนที่ ↗
A74: bangkok-restaurant-jae-wan-dessert | B74: restaurant | C74: Jae Wan (เจ๊แวน) | D74: บรรทัดทอง | E74: 13.739649 | F74: 100.52222 | G74: localFood | H74: 1 | I74: 4.2 | J74: 13:45-23:30 | K74: 13:45-23:30 | L74: 13:45-23:30 | M74: 13:45-23:30 | N74: 13:45-23:30 | O74: 13:45-23:30 | P74: 13:30-23:30 | Q74: 30 | R74: 0 | S74: ร้านขนมหวานไทยบนถนนบรรทัดทอง | U74: N | X74: ร้านของหวาน | Y74: บรรทัดทอง (ถ.บรรทัดทอง) | Z74: 0.23 | AA74: เจ้วรรณ ขนมหวาน | AB74: 2413 | AC74: ร้านของหวาน | AD74: Google Maps (รายวัน) | AE74: ทุกวัน 13:45-23:30 (อาทิตย์ 13:30) | AF74: ประมาณการจากประเภทร้าน/ทำเล (ยังไม่ยืนยัน) | AH74: 1700 ถ.บรรทัดทอง รองเมือง ปทุมวัน | AI74: +66 81 421 3761 | AJ74: ChIJFzK8PimZ4jARnkqwKGrzLts | AK74: เปิดแผนที่ ↗
A75: bangkok-restaurant-kaew-kla-thai-dessert | B75: restaurant | C75: แก้วกล้า ขนมหวานกะทิสด (KK Thai Dessert) | D75: บรรทัดทอง | E75: 13.739114 | F75: 100.52208 | G75: localFood | H75: 1 | I75: 4.4 | J75: 12:00-27:00 | K75: 12:00-27:00 | L75: 12:00-27:00 | M75: 12:00-27:00 | N75: 12:00-27:00 | O75: 12:00-27:00 | P75: 12:00-27:00 | Q75: 30 | R75: 0 | S75: ร้านขนมหวานกะทิสดบนถนนบรรทัดทอง | U75: N | W75: ปิดหลังเที่ยงคืน เขียนเวลาปิดเกิน 24:00 ตามรูปแบบ ClockTime | X75: ร้านของหวาน | Y75: บรรทัดทอง (ถ.บรรทัดทอง) | Z75: 0.24 | AA75: แก้วกล้า ขนมหวานกะทิสด | AB75: 124 | AC75: ร้านขนมหวาน | AD75: Google Maps (รายวัน) | AE75: ทุกวัน 12:00-03:00 | AF75: ประมาณการจากประเภทร้าน/ทำเล (ยังไม่ยืนยัน) | AH75: 1786 ถ.บรรทัดทอง วังใหม่ ปทุมวัน | AI75: +66 61 878 7855 | AJ75: ChIJ3Zne-SeZ4jARToMmi_3aK_s | AK75: เปิดแผนที่ ↗
A76: bangkok-restaurant-hagow-yaowarat | B76: restaurant | C76: HAGOW Yaowarat | D76: เยาวราช | E76: 13.740744 | F76: 100.5094 | G76: localFood | H76: 2 | I76: 4.7 | J76: 11:00-21:30 | K76: 11:00-21:30 | L76: 11:00-21:30 | M76: 11:00-21:30 | N76: 11:00-21:30 | O76: 11:00-21:30 | P76: 11:00-21:30 | Q76: 45 | R76: 0 | S76: ร้านติ่มซำบนถนนเยาวราช | U76: Y | X76: ร้านอาหาร | Y76: เยาวราช | Z76: 0.13 | AA76: ฮะเก๋า เยาวราช | AB76: 3528 | AC76: ภัตตาคารอาหารจีน | AD76: Google Maps (รายวัน) | AE76: ทุกวัน 11:00-21:30 (เสาร์) | AF76: ประมาณการจากประเภทร้าน/ทำเล (ยังไม่ยืนยัน) | AH76: 387 ถ.เยาวราช สัมพันธวงศ์ | AI76: +66 63 956 2752 | AJ76: ChIJg_OawsSZ4jARhar1F01_csQ | AK76: เปิดแผนที่ ↗
A77: bangkok-restaurant-laoteng-yaowarat | B77: restaurant | C77: Laoteng (เล่าเต็ง) | D77: เยาวราช | E77: 13.740204 | F77: 100.50991 | G77: localFood | H77: 2 | I77: 4.6 | J77: 11:00-24:00 | K77: 11:00-24:00 | L77: 11:00-24:00 | M77: 11:00-24:00 | N77: 11:00-24:00 | O77: 11:00-24:00 | P77: 11:00-24:00 | Q77: 60 | R77: 0 | S77: ร้านอาหารจีนชั้น 2 บนถนนเยาวราช | U77: Y | X77: ร้านอาหาร | Y77: เยาวราช | Z77: 0.06 | AA77: เหล่าเต๊ง | AB77: 2752 | AC77: ภัตตาคารอาหารจีน, ร้านอาหารจีนแบบมีบริการจัดส่ง | AD77: Google Maps (รายวัน) | AE77: ทุกวัน 11:00-24:00 (เสาร์) | AF77: ประมาณการจากประเภทร้าน/ทำเล (ยังไม่ยืนยัน) | AH77: 438 ชั้น 2 ถ.เยาวราช สัมพันธวงศ์ | AI77: +66 96 245 4242 | AJ77: ChIJJ03QjGOZ4jARdUW-bCQ2u2s | AK77: เปิดแผนที่ ↗
A78: bangkok-restaurant-xie-chinatown | B78: restaurant | C78: Xie Chinatown | D78: เยาวราช | E78: 13.740129 | F78: 100.51008 | G78: localFood | H78: 2 | I78: 4.7 | J78: 15:30-24:30 | K78: 15:30-24:30 | L78: 15:30-24:30 | M78: 15:30-24:30 | N78: 15:30-24:30 | O78: 15:30-24:30 | P78: 15:30-24:30 | Q78: 45 | R78: 0 | S78: ร้านบะหมี่และอาหารจีนบนถนนเยาวราช เปิดถึงดึก | U78: Y | W78: ปิดหลังเที่ยงคืน เขียนเวลาปิดเกิน 24:00 ตามรูปแบบ ClockTime | X78: ร้านอาหาร | Y78: เยาวราช | Z78: 0.05 | AA78: เซี้ยไชน่าทาวน์ | AB78: 934 | AC78: ร้านบะหมี่จีน, ภัตตาคารอาหารจีน | AD78: Google Maps (รายวัน) | AE78: ทุกวัน 15:30-00:30 (เสาร์) | AF78: ประมาณการจากประเภทร้าน/ทำเล (ยังไม่ยืนยัน) | AH78: 446 ถ.เยาวราช สัมพันธวงศ์ | AI78: +66 96 915 6659 | AJ78: ChIJqcfmnCGZ4jARBiLzwaax2hQ | AK78: เปิดแผนที่ ↗
A79: bangkok-restaurant-double-dogs-tearoom | B79: restaurant | C79: Double Dogs Tearoom | D79: เยาวราช | E79: 13.740631 | F79: 100.50918 | G79: cafe,artCulture | H79: 2 | I79: 4.5 | J79: 11:00-18:00 | M79: 11:00-18:00 | N79: 11:00-18:00 | O79: 11:00-18:00 | P79: 11:00-18:00 | Q79: 45 | R79: 0 | S79: ร้านน้ำชาจีนบนถนนเยาวราช มีมุมแสดงงานศิลปะ | U79: N | X79: ร้านเครื่องดื่ม | Y79: เยาวราช | Z79: 0.13 | AA79: Double Dogs Tea Room | AB79: 361 | AC79: ร้านน้ำชาแบบดั้งเดิม, ห้องแสดงงานศิลปะ, ร้านเครื่องปั้นดินเผา, ร้านใบชา | AD79: Google Maps (รายวัน) | AE79: พฤ-จ 11:00-18:00 (ปิดอังคาร-พุธ) | AF79: ประมาณการจากประเภทร้าน/ทำเล (ยังไม่ยืนยัน) | AH79: 406 ถ.เยาวราช จักรวรรดิ สัมพันธวงศ์ | AI79: +66 86 329 3075 | AJ79: ChIJH79CmBiZ4jARMdjLCASWygc | AK79: เปิดแผนที่ ↗
A80: bangkok-restaurant-siam-heng-huat-tea-shop | B80: restaurant | C80: Siam Heng Huat Bai Cha Shop (สยามเฮงฮวด) | D80: เยาวราช | E80: 13.741114 | F80: 100.50989 | G80: cafe,localFood | H80: 1 | I80: 4.9 | J80: 09:00-21:00 | K80: 09:00-21:00 | L80: 09:00-21:00 | M80: 09:00-21:00 | N80: 09:00-21:00 | O80: 09:00-21:00 | P80: 09:00-21:00 | Q80: 30 | R80: 0 | S80: ร้านใบชาและโรงน้ำชาจีนบนถนนแปลงนาม ย่านเยาวราช | U80: N | X80: ร้านเครื่องดื่ม | Y80: เยาวราช | Z80: 0.16 | AA80: ร้านใบชาเซียมเฮงฮวด | AB80: 457 | AC80: ร้านใบชา, โรงน้ำชาจีน, ร้านน้ำชา, ผู้ค้าส่งชา | AD80: Google Maps (รายวัน) | AE80: ทุกวัน 09:00-21:00 (เสาร์) | AF80: ประมาณการจากประเภทร้าน/ทำเล (ยังไม่ยืนยัน) | AH80: 36-42 ถ.แปลงนาม สัมพันธวงศ์ | AI80: +66 63 457 7308 | AJ80: ChIJCcEDgCGZ4jARv0rIMlI8o8g | AK80: เปิดแผนที่ ↗
A81: bangkok-restaurant-three-tea-pots-ew-kee | B81: restaurant | C81: THREE TEA POTS by Ew Kee Tea | D81: เยาวราช | E81: 13.742526 | F81: 100.50984 | G81: cafe | H81: 2 | I81: 4.8 | J81: 10:00-19:00 | K81: 10:00-19:00 | L81: 10:00-19:00 | M81: 10:00-19:00 | N81: 10:00-19:00 | O81: 10:00-19:00 | P81: 10:00-19:00 | Q81: 30 | R81: 0 | S81: ร้านใบชาจีนบนถนนเจริญกรุง ใกล้เยาวราช | U81: N | X81: ร้านเครื่องดื่ม | Y81: เยาวราช | Z81: 0.31 | AA81: THREE TEA POTS by Ew Kee Tea | AB81: 131 | AC81: ร้านใบชา | AD81: Google Maps (รายวัน) | AE81: ทุกวัน 10:00-19:00 (เสาร์) | AF81: ประมาณการจากประเภทร้าน/ทำเล (ยังไม่ยืนยัน) | AH81: 465-467 ถ.เจริญกรุง ป้อมปราบ ป้อมปราบฯ | AI81: +66 95 516 2125 | AJ81: ChIJt5EP4UqZ4jAR4sUvrUikzSE | AK81: เปิดแผนที่ ↗
A82: bangkok-restaurant-sweettime-yaowarat | B82: restaurant | C82: Sweettime | D82: เยาวราช | E82: 13.740326 | F82: 100.50986 | G82: localFood | H82: 1 | I82: 4.2 | K82: 17:30-25:30 | L82: 17:30-25:30 | M82: 17:30-25:30 | N82: 17:30-25:30 | O82: 17:30-25:30 | P82: 17:30-25:30 | Q82: 30 | R82: 0 | S82: ร้านของหวานบนถนนเยาวราช เปิดช่วงเย็นถึงดึก | U82: N | W82: ปิดหลังเที่ยงคืน เขียนเวลาปิดเกิน 24:00 ตามรูปแบบ ClockTime | X82: ร้านของหวาน | Y82: เยาวราช | Z82: 0.07 | AA82: Sweettime สาขาเยาวราช | AC82: ร้านของหวาน, แผงขายอาหาร | AD82: ตารางของเพื่อน (Google ให้มาแค่ 1 วัน) | AE82: อ-อา 17:30-01:30 (ปิดจันทร์) | AF82: ประมาณการจากประเภทร้าน/ทำเล (ยังไม่ยืนยัน) | AH82: 436 ถ.เยาวราช สัมพันธวงศ์ | AI82: +66 86 722 2458 | AJ82: ChIJI5IJnSGZ4jAR_BRDFrSbdH0 | AK82: เปิดแผนที่ ↗
A83: bangkok-restaurant-ba-hao-tian-mi-yaowarat | B83: restaurant | C83: Ba Hao Tian Mi - Yaowarat | D83: เยาวราช | E83: 13.740878 | F83: 100.51108 | G83: cafe | H83: 2 | I83: 4.3 | J83: 10:00-22:00 | K83: 10:00-22:00 | L83: 10:00-22:00 | M83: 10:00-22:00 | N83: 10:00-23:00 | O83: 10:00-23:00 | P83: 10:00-23:00 | Q83: 30 | R83: 0 | S83: ร้านของหวานและเครื่องดื่มสไตล์จีน ย่านเยาวราช | U83: N | W83: เวลาจริงไม่ใช่ "ทุกวัน" ตามตารางเดิม (เดิมเช็กแค่วันเสาร์) | X83: ร้านของหวาน | Y83: เยาวราช | Z83: 0.18 | AA83: ปา เฮ่า เถียน มี่ - เยาวราช | AB83: 1479 | AC83: ร้านของหวาน | AD83: Google Maps (รายวัน) | AE83: ทุกวัน 10:00-23:00 (เสาร์) | AF83: ประมาณการจากประเภทร้าน/ทำเล (ยังไม่ยืนยัน) | AH83: 8 ถ.พลับพลาไชย/ผดุงด้าว สัมพันธวงศ์ | AI83: +66 97 995 4543 | AJ83: ChIJ2dYIoeeZ4jARgBOBTWYpMrw | AK83: เปิดแผนที่ ↗
A84: bangkok-restaurant-che-muai-mi-wan | B84: restaurant | C84: Che Muai Mi Wan (เฉ๋าก๊วยหมวยมีหวาน) | D84: เยาวราช | E84: 13.742214 | F84: 100.51053 | G84: localFood | H84: 1 | I84: 4.3 | J84: 09:00-21:30 | K84: 09:00-21:30 | L84: 09:00-21:30 | M84: 09:00-21:30 | N84: 09:00-21:30 | O84: 09:00-22:00 | P84: 09:00-22:00 | Q84: 20 | R84: 0 | S84: ร้านขนมหวานจีนในซอยเจริญไชย ย่านเยาวราช | U84: N | W84: เวลาจริงไม่ใช่ "ทุกวัน" ตามตารางเดิม (เดิมเช็กแค่วันเสาร์) | X84: ร้านของหวาน | Y84: เยาวราช | Z84: 0.29 | AA84: หมี่หวานเจ๊หมวยเยาวราช | AB84: 113 | AC84: ร้านขนมหวาน, ร้านของหวาน | AD84: Google Maps (รายวัน) | AE84: ทุกวัน 09:00-22:00 (เสาร์) | AF84: ประมาณการจากประเภทร้าน/ทำเล (ยังไม่ยืนยัน) | AH84: 534 ซ.เจริญไชย 2 ป้อมปราบ ป้อมปราบฯ | AI84: +66 80 621 3050 | AJ84: ChIJ87Kr8yGZ4jARCcnpigaGLP4 | AK84: เปิดแผนที่ ↗
A85: bangkok-restaurant-khun-aoi-kitchen-khlong-bang-luang | B85: restaurant | C85: Khun Aoi's Kitchen (ครัวคุณอ้อย) | D85: คลองบางหลวง | E85: 13.73075 | F85: 100.46354 | G85: localFood | H85: 1 | I85: 3.9 | J85: 08:00-19:00 | K85: 08:00-19:00 | L85: 08:00-19:00 | M85: 08:00-19:00 | N85: 08:00-19:00 | O85: 07:00-19:00 | P85: 07:00-19:00 | Q85: 60 | R85: 0 | S85: ร้านอาหารไทยใกล้คลองบางหลวง ย่านภาษีเจริญ | U85: Y | W85: เวลาจริงไม่ใช่ "ทุกวัน" ตามตารางเดิม (เดิมเช็กแค่วันเสาร์) | X85: ร้านอาหาร | Y85: คลองบางหลวง (Artist House / ตลาดน้ำคลองบางหลวง ภาษีเจริญ) | Z85: 0.06 | AA85: ครัวคุณอ๋อยคลองบางหลวง | AB85: 352 | AC85: ภัตตาคารอาหารไทย | AD85: Google Maps (รายวัน) | AE85: ทุกวัน 07:00-19:00 (เสาร์) | AF85: ประมาณการจากประเภทร้าน/ทำเล (ยังไม่ยืนยัน) | AH85: 301 ถ.เพชรเกษม คูหาสวรรค์ ภาษีเจริญ | AI85: +66 84 076 1002 | AJ85: ChIJIwWhlEmY4jARKlgNkAARFJQ | AK85: เปิดแผนที่ ↗
A86: bangkok-restaurant-baan-plern-jitt | B86: restaurant | C86: Baan Plern Jitt (บ้านเพลินจิต) | D86: คลองบางหลวง | E86: 13.73091 | F86: 100.46319 | G86: localFood | H86: 2 | I86: 4.5 | J86: 11:00-17:00 | K86: 11:00-17:00 | M86: 11:00-17:00 | N86: 11:00-17:00 | O86: 11:00-17:00 | P86: 11:00-17:00 | Q86: 60 | R86: 0 | S86: ร้านอาหารไทยริมคลองบางหลวง ใกล้บ้านศิลปิน | U86: Y | X86: ร้านอาหาร | Y86: คลองบางหลวง (Artist House / ตลาดน้ำคลองบางหลวง ภาษีเจริญ) | Z86: 0.03 | AA86: บ้านเพลินจิตต์ ณ คลองบางหลวง | AB86: 219 | AC86: ภัตตาคารอาหารไทย | AD86: Google Maps (รายวัน) | AE86: ทุกวัน 11:00-17:00 (ปิดวันพุธ) | AF86: ประมาณการจากประเภทร้าน/ทำเล (ยังไม่ยืนยัน) | AH86: เชิงสะพานช้าง ซ.เพชรเกษม 20 ภาษีเจริญ | AI86: +66 97 241 4961 | AJ86: ChIJQd2TUOyZ4jAR_5b3Z6wVvzE | AK86: เปิดแผนที่ ↗
A87: bangkok-restaurant-chaai-samai-2498 | B87: restaurant | C87: Chaai-Samai 2498 Bangkok | D87: คลองบางหลวง | E87: 13.726313 | F87: 100.45898 | G87: localFood,cafe | H87: 2 | I87: 4.4 | J87: 10:00-20:00 | K87: 10:00-20:00 | M87: 10:00-20:00 | N87: 10:00-20:00 | O87: 10:00-20:00 | P87: 10:00-20:00 | Q87: 60 | R87: 0 | S87: ร้านอาหารและคาเฟ่บรรยากาศย้อนยุค ย่านภาษีเจริญ | U87: Y | X87: ร้านอาหาร | Y87: คลองบางหลวง (Artist House / ตลาดน้ำคลองบางหลวง ภาษีเจริญ) | Z87: 0.72 | AA87: Chaai-Samai 2498 Bangkok ชายสมัย 2498 บางกอก | AB87: 1340 | AC87: ร้านอาหาร | AD87: Google Maps (รายวัน) | AE87: ทุกวัน 10:00-20:00 (ปิดวันพุธ) | AF87: ประมาณการจากประเภทร้าน/ทำเล (ยังไม่ยืนยัน) | AH87: 97/2 ซ.เพชรเกษม 28 คูหาสวรรค์ ภาษีเจริญ | AI87: +66 88 269 9542 | AJ87: ChIJk4cFjByZ4jAR9rbLbQM3G1c | AK87: เปิดแผนที่ ↗
A88: bangkok-restaurant-baan-khlong-luang-cafe | B88: restaurant | C88: Baan Khlong Luang Cafe Khlongbangluang | D88: คลองบางหลวง | E88: 13.73212 | F88: 100.46281 | G88: cafe,artCulture | H88: 1 | I88: 4.9 | J88: 09:50-18:30 | K88: 09:50-18:30 | L88: 09:50-18:30 | M88: 09:50-18:30 | N88: 09:50-18:30 | O88: 09:50-18:30 | P88: 09:50-18:30 | Q88: 30 | R88: 0 | S88: คาเฟ่ศิลปะริมคลองบางหลวง | U88: N | X88: ร้านเครื่องดื่ม | Y88: คลองบางหลวง (Artist House / ตลาดน้ำคลองบางหลวง ภาษีเจริญ) | Z88: 0.12 | AA88: Baan Khlong Luang Cafe Khlongbangluang | AB88: 43 | AC88: คาเฟ่ศิลปะ | AD88: Google Maps (รายวัน) | AE88: ทุกวัน 09:50-18:30 (เสาร์) | AF88: ประมาณการจากประเภทร้าน/ทำเล (ยังไม่ยืนยัน) | AH88: 503 คลองบางหลวง ซ.เพชรเกษม 28 คูหาสวรรค์ ภาษีเจริญ | AJ88: ChIJ829BuVyZ4jARomvWRybOhI0 | AK88: เปิดแผนที่ ↗
A89: bangkok-restaurant-baan-phueng-sin-cafe | B89: restaurant | C89: คาเฟ่บ้านพึ่งศิลป์ | D89: คลองบางหลวง | E89: 13.730842 | F89: 100.46345 | G89: cafe,artCulture | H89: 1 | I89: 4.6 | J89: 09:30-18:30 | K89: 09:30-18:30 | L89: 09:30-18:30 | M89: 09:30-18:30 | N89: 09:30-18:30 | O89: 09:30-18:30 | P89: 09:30-18:30 | Q89: 30 | R89: 0 | S89: คาเฟ่ศิลปะในซอยเพชรเกษม 20 ย่านคลองบางหลวง | U89: N | X89: ร้านเครื่องดื่ม | Y89: คลองบางหลวง (Artist House / ตลาดน้ำคลองบางหลวง ภาษีเจริญ) | Z89: 0.04 | AA89: คาเฟ่บ้านพึ่งศิลป์ | AB89: 121 | AC89: คาเฟ่ศิลปะ | AD89: Google Maps (รายวัน) | AE89: ทุกวัน 09:30-18:30 (เสาร์) | AF89: ประมาณการจากประเภทร้าน/ทำเล (ยังไม่ยืนยัน) | AH89: 297 ซ.เพชรเกษม 20 ปากคลองภาษีเจริญ | AI89: +66 84 076 1002 | AJ89: ChIJdwVRcayZ4jARWYOrvCMw5XM | AK89: เปิดแผนที่ ↗
A90: bangkok-restaurant-artist-house-cafe | B90: restaurant | C90: The Artist House Bangkok (คาเฟ่ในบ้านศิลปิน) | D90: คลองบางหลวง | E90: 13.731232 | F90: 100.46333 | G90: cafe,artCulture | H90: 1 | I90: 4.6 | J90: 10:00-18:00 | K90: 10:00-18:00 | L90: 10:00-18:00 | M90: 10:00-18:00 | N90: 10:00-18:00 | O90: 10:00-19:00 | P90: 10:00-18:00 | Q90: 45 | R90: 0 | S90: คาเฟ่ในบ้านศิลปินคลองบางหลวง มีห้องแสดงงานศิลปะ | U90: N | X90: ร้านเครื่องดื่ม | Y90: คลองบางหลวง (Artist House / ตลาดน้ำคลองบางหลวง ภาษีเจริญ) | Z90: 0.01 | AA90: บ้านศิลปินคลองบางหลวง | AB90: 3347 | AC90: สถานที่ท่องเที่ยว, คาเฟ่ศิลปะ, ห้องแสดงงานศิลปะ, ร้านกาแฟ, ร้านของที่ระลึก | AD90: Google Maps (รายวัน) | AE90: จ-ศ,อา 10:00-18:00 / ส 10:00-19:00 | AF90: ประมาณการจากประเภทร้าน/ทำเล (ยังไม่ยืนยัน) | AH90: 309 ถ.เพชรเกษม คูหาสวรรค์ ภาษีเจริญ | AI90: +66 65 691 5655 | AJ90: ChIJF6uVAzt9HTEROKM0WKZMU7M | AK90: เปิดแผนที่ ↗
A91: bangkok-restaurant-mae-add-khanom-buang | B91: restaurant | C91: ขนมเบื้องแม่แอด (คลองบางหลวง) | D91: คลองบางหลวง | E91: 13.73047 | F91: 100.46355 | G91: localFood | H91: 1 | I91: 5 | J91: 12:00-18:00 | K91: 12:00-18:00 | L91: 12:00-18:00 | M91: 12:00-18:00 | N91: 12:00-18:00 | O91: 12:00-18:00 | P91: 12:00-18:00 | Q91: 20 | R91: 0 | S91: ร้านขนมเบื้องไทยย่านคลองบางหลวง | U91: N | X91: ร้านของหวาน | Y91: คลองบางหลวง (Artist House / ตลาดน้ำคลองบางหลวง ภาษีเจริญ) | Z91: 0.09 | AA91: ขนมเบื้องแม่แอด (คลองบางหลวง) Mae Add Kanom Buang – Khlong Bang Luang | AB91: 2 | AC91: ร้านขนม | AD91: Google Maps (รายวัน) | AE91: ทุกวัน 12:00-18:00 (เสาร์) | AF91: ประมาณการจากประเภทร้าน/ทำเล (ยังไม่ยืนยัน) | AH91: ซ.เพชรเกษม 20 ปากคลองภาษีเจริญ | AI91: +66 94 551 5308 | AJ91: ChIJIRC5fQCZ4jARxXARpHOPKzM | AK91: เปิดแผนที่ ↗
A92: bangkok-restaurant-zetinee-thai-dessert | B92: restaurant | C92: เศรษฐีนี ขนมไทย (Zetinee) | D92: คลองบางหลวง | E92: 13.73043 | F92: 100.46417 | G92: localFood | H92: 1 | J92: 10:00-18:00 | K92: 10:00-18:00 | L92: 10:00-18:00 | M92: 10:00-18:00 | N92: 10:00-18:00 | O92: 10:00-18:00 | P92: 10:00-18:00 | Q92: 20 | R92: 0 | S92: ร้านขนมไทยย่านวัดท่าพระ บางกอกใหญ่ | U92: N | V92: Google ไม่มี rating | X92: ร้านของหวาน | Y92: คลองบางหลวง (Artist House / ตลาดน้ำคลองบางหลวง ภาษีเจริญ) | Z92: 0.13 | AA92: เศรษฐีนี ขนมไทย (Zetinee) | AC92: ร้านของหวาน | AD92: Google Maps (รายวัน) | AE92: ทุกวัน 10:00-18:00 (เสาร์) | AF92: ประมาณการจากประเภทร้าน/ทำเล (ยังไม่ยืนยัน) | AH92: 1330/32 ซ.พิสิษฐ์บรรณากร วัดท่าพระ บางกอกใหญ่ | AI92: +66 65 662 6559 | AJ92: ChIJT9ICBAOZ4jARCo3fwpDrQmw | AK92: เปิดแผนที่ ↗
A93: bangkok-restaurant-meow-meow-roll | B93: restaurant | C93: Meow Meow Roll - ขนมโตเกียว | D93: คลองบางหลวง | E93: 13.7316 | F93: 100.46248 | G93: localFood | H93: 1 | I93: 4.9 | M93: 11:00-17:30 | N93: 11:00-17:30 | O93: 11:00-17:30 | P93: 11:00-17:30 | Q93: 20 | R93: 0 | S93: ร้านขนมโตเกียวย่านภาษีเจริญ ใกล้คลองบางหลวง | U93: N | X93: ร้านของหวาน | Y93: คลองบางหลวง (Artist House / ตลาดน้ำคลองบางหลวง ภาษีเจริญ) | Z93: 0.1 | AA93: Meow Meow Roll - ขนมโตเกียว | AB93: 115 | AC93: ร้านเครป | AD93: Google Maps (รายวัน) | AE93: พฤ-อา 11:00-17:30 (ปิดจ-พ) | AF93: ประมาณการจากประเภทร้าน/ทำเล (ยังไม่ยืนยัน) | AH93: 178 คูหาสวรรค์ ภาษีเจริญ | AI93: +66 85 075 5599 | AJ93: ChIJ-xFr-ieZ4jAR7Eyiebjcuwc | AK93: เปิดแผนที่ ↗
A94: bangkok-restaurant-nopparat-cuisine-gallery | B94: restaurant | C94: Nopparat Cuisine and Gallery | D94: บางลำพู | E94: 13.76354 | F94: 100.49551 | G94: localFood,artCulture | H94: 2 | I94: 4.7 | K94: 11:00-21:00 | L94: 11:00-21:00 | M94: 11:00-21:00 | N94: 11:00-21:00 | O94: 11:00-21:00 | P94: 11:00-21:00 | Q94: 60 | R94: 0 | S94: ร้านอาหารไทยและแกลเลอรีบนถนนพระอาทิตย์ | U94: Y | W94: เปิด 2 ช่วง (sun 11:00–14:30 / 17:30–21:00; tue 11:00–14:30 / 17:30–21:00; wed 11:00–14:30 / 17:30–21:00; thu 11:00–14:30 / 17:30–21:00; fri 11:00–14:30 / 17:30–21:00; sat 11:00–14:30 / 17:30–21:00) ระบบรองรับช่วงเดียว จึงใส่ช่วงรวม | X94: ร้านอาหาร | Y94: ย่านพระอาทิตย์ (ถ.พระอาทิตย์ บางลำพู) | Z94: 0.12 | AA94: ครัวนพรัตน์ | AB94: 368 | AC94: ภัตตาคารอาหารไทย, ภัตตาคารอาหารเอเชีย, ร้านอาหาร, ภัตตาคารอาหารเอเชียตะวันออกเฉียงใต้ | AD94: Google Maps (รายวัน) | AE94: อ-อา 11:00-14:30, 17:30-21:00 (ปิดจันทร์) | AF94: ประมาณการจากประเภทร้าน/ทำเล (ยังไม่ยืนยัน) | AH94: 130-7/132 ถ.พระอาทิตย์ ชนะสงคราม พระนคร | AI94: +66 81 850 0770 | AJ94: ChIJOcegC3KZ4jARcSGQACiRaHw | AK94: เปิดแผนที่ ↗
A95: bangkok-restaurant-arthit-noodle-club | B95: restaurant | C95: Arthit Noodle Club | ก๋วยเตี๋ยวต้มยำ | D95: บางลำพู | E95: 13.76347 | F95: 100.4943 | G95: localFood | H95: 1 | I95: 4.9 | J95: 09:00-19:00 | K95: 09:00-19:00 | L95: 09:00-19:00 | M95: 09:00-19:00 | N95: 09:00-19:00 | O95: 09:00-19:00 | P95: 09:00-19:00 | Q95: 30 | R95: 0 | S95: ร้านก๋วยเตี๋ยวต้มยำบนถนนพระอาทิตย์ | U95: Y | X95: ร้านอาหาร | Y95: ย่านพระอาทิตย์ (ถ.พระอาทิตย์ บางลำพู) | Z95: 0.04 | AA95: Arthit Noodle Club | ก๋วยเตี๋ยวต้มยำ | AB95: 117 | AC95: ร้านก๋วยเตี๋ยว | AD95: Google Maps (รายวัน) | AE95: ทุกวัน 09:00-19:00 (เสาร์) | AF95: ประมาณการจากประเภทร้าน/ทำเล (ยังไม่ยืนยัน) | AH95: 47/1 ถ.พระอาทิตย์ ชนะสงคราม พระนคร | AI95: +66 92 250 0984 | AJ95: ChIJbRv0f9uZ4jAR9pXEQs6Vc4Y | AK95: เปิดแผนที่ ↗
A96: bangkok-restaurant-botanic-backyard | B96: restaurant | C96: Botanic Backyard Bar & Restaurant | D96: บางลำพู | E96: 13.76184 | F96: 100.49465 | G96: nightlife | H96: 2 | I96: 4.7 | J96: 10:00-24:00 | K96: 10:00-24:00 | L96: 10:00-24:00 | M96: 10:00-24:00 | N96: 10:00-24:00 | O96: 10:00-24:00 | P96: 10:00-24:00 | Q96: 75 | R96: 0 | S96: ร้านอาหารและบาร์ในสวน หลังวัดชนะสงคราม ใกล้ถนนข้าวสาร | U96: Y | X96: ร้านอาหาร | Y96: ย่านพระอาทิตย์ (ถ.พระอาทิตย์ บางลำพู) | Z96: 0.15 | AA96: Botanic Backyard Bar & Restaurant | AB96: 2355 | AC96: ร้านอาหาร | AD96: Google Maps (รายวัน) | AE96: ทุกวัน 10:00-24:00 (เสาร์) | AF96: ประมาณการจากประเภทร้าน/ทำเล (ยังไม่ยืนยัน) | AH96: 25/1 ตรอกชนะสงคราม ซ.รามบุตรี หลังวัดชนะสงคราม | AI96: +66 89 973 9918 | AJ96: ChIJMwd7y3-Z4jAR6jv3ZlUVEC0 | AK96: เปิดแผนที่ ↗
A97: bangkok-restaurant-petit-soleil | B97: restaurant | C97: Petit Soleil | D97: บางลำพู | E97: 13.76237 | F97: 100.49321 | G97: cafe | H97: 2 | I97: 4.6 | J97: 07:00-19:00 | K97: 07:00-19:00 | L97: 07:00-19:00 | M97: 07:00-19:00 | N97: 07:00-19:00 | O97: 07:00-19:00 | P97: 07:00-19:00 | Q97: 45 | R97: 0 | S97: คาเฟ่และอาหารเช้าสไตล์ฝรั่งเศสบนถนนพระอาทิตย์ | U97: Y | X97: ร้านเครื่องดื่ม | Y97: ย่านพระอาทิตย์ (ถ.พระอาทิตย์ บางลำพู) | Z97: 0.17 | AA97: เปอติด์ โซเลย์ | AB97: 633 | AC97: ร้านกาแฟ | AD97: Google Maps (รายวัน) | AE97: ทุกวัน 07:00-19:00 (เสาร์) | AF97: ประมาณการจากประเภทร้าน/ทำเล (ยังไม่ยืนยัน) | AH97: 23 ถ.พระอาทิตย์ ชนะสงคราม พระนคร | AI97: +66 86 303 2811 | AJ97: ChIJO7ptd-OZ4jARRc08spnhUY4 | AK97: เปิดแผนที่ ↗
A98: bangkok-restaurant-the-sourdough-club | B98: restaurant | C98: The Sourdough Club | D98: บางลำพู | E98: 13.76353 | F98: 100.49425 | G98: cafe | H98: 2 | I98: 4.7 | J98: 10:00-17:00 | K98: 10:00-17:00 | L98: 10:00-17:00 | M98: 10:00-17:00 | N98: 10:00-17:00 | O98: 08:00-17:00 | P98: 08:00-17:00 | Q98: 30 | R98: 0 | S98: ร้านขนมปังซาวร์โดว์และกาแฟบนถนนพระอาทิตย์ | U98: N | W98: เวลาจริงไม่ใช่ "ทุกวัน" ตามตารางเดิม (เดิมเช็กแค่วันเสาร์) | X98: ร้านเครื่องดื่ม | Y98: ย่านพระอาทิตย์ (ถ.พระอาทิตย์ บางลำพู) | Z98: 0.05 | AA98: The Sourdough Club | AB98: 63 | AC98: ร้านกาแฟ | AD98: Google Maps (รายวัน) | AE98: ทุกวัน 08:00-17:00 (เสาร์) | AF98: ประมาณการจากประเภทร้าน/ทำเล (ยังไม่ยืนยัน) | AH98: 47 ถ.พระอาทิตย์ ชนะสงคราม พระนคร | AI98: +66 89 788 5222 | AJ98: ChIJlYLfvU6Z4jARmwl8wPMYGCw | AK98: เปิดแผนที่ ↗
A99: bangkok-restaurant-sheepshank-public-house | B99: restaurant | C99: Sheepshank Public House | D99: บางลำพู | E99: 13.76358 | F99: 100.49429 | G99: nightlife,viewpoint | H99: 3 | I99: 4.5 | J99: 17:00-24:00 | K99: 11:00-24:00 | L99: 11:00-24:00 | M99: 11:00-24:00 | N99: 11:00-25:00 | O99: 11:00-25:00 | P99: 11:00-24:00 | Q99: 75 | R99: 0 | S99: ผับและร้านอาหารริมแม่น้ำเจ้าพระยา ข้างท่าเรือพระอาทิตย์ | U99: Y | W99: ปิดหลังเที่ยงคืน เขียนเวลาปิดเกิน 24:00 ตามรูปแบบ ClockTime; เวลาจริงไม่ใช่ "ทุกวัน" ตามตารางเดิม (เดิมเช็กแค่วันเสาร์) | X99: ร้านเครื่องดื่ม | Y99: ย่านพระอาทิตย์ (ถ.พระอาทิตย์ บางลำพู) | Z99: 0.05 | AA99: Sheepshank | AB99: 648 | AC99: ผับ, ร้านอาหาร | AD99: Google Maps (รายวัน) | AE99: ทุกวัน 11:00-01:00 (เสาร์) | AF99: ประมาณการจากประเภทร้าน/ทำเล (ยังไม่ยืนยัน) | AH99: 47 ถ.พระอาทิตย์ ชนะสงคราม พระนคร | AI99: +66 2 629 5165 | AJ99: ChIJSWv0PnKZ4jAR5t3IqO36gUA | AK99: เปิดแผนที่ ↗
A100: bangkok-restaurant-coconut-culture-bangkok | B100: restaurant | C100: Coconut Culture Bangkok | D100: บางลำพู | E100: 13.76273 | F100: 100.49453 | G100: cafe | H100: 1 | I100: 4.3 | J100: 10:00-20:00 | K100: 10:00-20:00 | L100: 10:00-20:00 | M100: 10:00-20:00 | N100: 10:00-20:00 | O100: 10:00-20:00 | P100: 10:00-20:00 | Q100: 20 | R100: 0 | S100: ร้านไอศกรีมมะพร้าวบนถนนพระอาทิตย์ | U100: N | X100: ร้านของหวาน | Y100: ย่านพระอาทิตย์ (ถ.พระอาทิตย์ บางลำพู) | Z100: 0.05 | AA100: Coconut Culture Bangkok | AB100: 291 | AC100: ร้านไอศกรีม | AD100: Google Maps (รายวัน) | AE100: ทุกวัน 10:00-20:00 (เสาร์) | AF100: ประมาณการจากประเภทร้าน/ทำเล (ยังไม่ยืนยัน) | AH100: 100/6 ถ.พระอาทิตย์ ชนะสงคราม พระนคร | AI100: +66 98 903 4714 | AJ100: ChIJtdWsZleZ4jARJHddpcihlco | AK100: เปิดแผนที่ ↗
...

Sheet สรุป
A1: สรุปข้อมูลสถานที่กรุงเทพฯ
A2: ตัวเลขเป็นสูตรนับจากชีต places อัปเดตเองเมื่อแก้หรือเพิ่มแถว
A4: หมวด | B4: จำนวน | C4: เป้าหมาย #21
A5: attraction | B5: =COUNTIF(places!$B$3:$B$2000,"attraction") | C5: ≥ 25
A6: restaurant | B6: =COUNTIF(places!$B$3:$B$2000,"restaurant") | C6: ≥ 20
A7: └ ใช้เป็นมื้อหลักได้ (Y) | B7: =COUNTIFS(places!$B$3:$B$2000,"restaurant",places!$U$3:$U$2000,"Y")
A8: accommodation | B8: =COUNTIF(places!$B$3:$B$2000,"accommodation") | C8: ≥ 8
A9: แถวที่ต้องตรวจ (สีเหลือง) | B9: =COUNTIF(places!$V$3:$V$2000,"?*") | C9: 0
A11: ระดับราคา (restaurant) | B11: จำนวน | C11: ความหมาย (ต่อคนต่อมื้อ)
A12: 1 ฿ | B12: =COUNTIFS(places!$B$3:$B$2000,"restaurant",places!$H$3:$H$2000,1) | C12: ไม่เกิน ~150 บาท
A13: 2 ฿฿ | B13: =COUNTIFS(places!$B$3:$B$2000,"restaurant",places!$H$3:$H$2000,2) | C13: ~150–400 บาท
A14: 3 ฿฿฿ | B14: =COUNTIFS(places!$B$3:$B$2000,"restaurant",places!$H$3:$H$2000,3) | C14: ~400–1,000 บาท
A15: 4 ฿฿฿฿ | B15: =COUNTIFS(places!$B$3:$B$2000,"restaurant",places!$H$3:$H$2000,4) | C15: มากกว่า ~1,000 บาท
A17: ย่าน | B17: จำนวนทั้งหมด
A18: ริมแม่น้ำเจ้าพระยา | B18: =COUNTIF(places!$D$3:$D$2000,"ริมแม่น้ำเจ้าพระยา")
A19: สยาม/ปทุมวัน | B19: =COUNTIF(places!$D$3:$D$2000,"สยาม/ปทุมวัน")
A20: เกาะรัตนโกสินทร์ | B20: =COUNTIF(places!$D$3:$D$2000,"เกาะรัตนโกสินทร์")
A21: จตุจักร | B21: =COUNTIF(places!$D$3:$D$2000,"จตุจักร")
A22: สุขุมวิท | B22: =COUNTIF(places!$D$3:$D$2000,"สุขุมวิท")
A23: คลองบางหลวง | B23: =COUNTIF(places!$D$3:$D$2000,"คลองบางหลวง")
A24: บรรทัดทอง | B24: =COUNTIF(places!$D$3:$D$2000,"บรรทัดทอง")
A25: ปากคลองตลาด | B25: =COUNTIF(places!$D$3:$D$2000,"ปากคลองตลาด")
A26: บางลำพู | B26: =COUNTIF(places!$D$3:$D$2000,"บางลำพู")
A27: เยาวราช | B27: =COUNTIF(places!$D$3:$D$2000,"เยาวราช")
A28: เอกมัย | B28: =COUNTIF(places!$D$3:$D$2000,"เอกมัย")
A29: คันนายาว | B29: =COUNTIF(places!$D$3:$D$2000,"คันนายาว")
A30: ตลาดพลู-ภาษีเจริญ | B30: =COUNTIF(places!$D$3:$D$2000,"ตลาดพลู-ภาษีเจริญ")
A31: สีลม | B31: =COUNTIF(places!$D$3:$D$2000,"สีลม")

Sheet ต้นฉบับ_ร้าน
A1: ลำดับ | B1: แหล่งท่องเที่ยว | C1: ประเภท | D1: ชื่อร้าน | E1: ละติจูด | F1: ลองจิจูด | G1: ระยะห่างจากแหล่งท่องเที่ยว (กม.) | H1: ที่อยู่ | I1: วัน-เวลาเปิดให้บริการ | J1: เบอร์โทร | K1: ลิงก์ Google Maps | L1: สถานะ (ตรวจสอบ 3 ต.ค. 2569)
A2: 1 | B2: SkyWalk King Power Mahanakhon (คิงเพาเวอร์ มหานคร) | C2: ร้านอาหาร | D2: Mahanakhon Eatery | E2: 13.723905 | F2: 100.52865 | G2: 0.02 | H2: 96 ถ.นราธิวาสราชนครินทร์ สีลม บางรัก | I2: ทุกวัน 08:00-22:00 | J2: +66 2 677 8721 | K2: https://www.google.com/maps/search/?api=1&query_place_id=ChIJpYfHXaef4jARpiefh3BHf1k | L2: เปิดให้บริการ (มีเวลาทำการใน Google Maps)
A3: 2 | B3: SkyWalk King Power Mahanakhon (คิงเพาเวอร์ มหานคร) | C3: ร้านอาหาร | D3: Babyccino Mahanakhon | E3: 13.72386 | F3: 100.52868 | G3: 0.03 | H3: Mahanakhon Cube 96 ถ.นราธิวาสฯ สีลม บางรัก | I3: ทุกวัน 10:00-22:00 | J3: +66 92 446 9222 | K3: https://www.google.com/maps/search/?api=1&query_place_id=ChIJL_Skva2Z4jARptt0z0enAIM | L3: เปิดให้บริการ (มีเวลาทำการใน Google Maps)
A4: 3 | B4: SkyWalk King Power Mahanakhon (คิงเพาเวอร์ มหานคร) | C4: ร้านอาหาร | D4: The Standard Grill | E4: 13.72353 | F4: 100.5283 | G4: 0.06 | H4: ชั้น 5 The Standard Bangkok Mahanakhon 114 ถ.นราธิวาสฯ | I4: จ-ศ 17:30-22:30 / ส-อา 12:00-15:00, 17:30-22:30 | J4: +66 2 085 8888 | K4: https://www.google.com/maps/search/?api=1&query_place_id=ChIJtzsv7T2Z4jAR2fSNVxk9_Jc | L4: เปิดให้บริการ (มีเวลาทำการใน Google Maps)
A5: 4 | B5: SkyWalk King Power Mahanakhon (คิงเพาเวอร์ มหานคร) | C5: ร้านเครื่องดื่ม | D5: Sugar Bliss Coffee & Brunch (Ashton Silom) | E5: 13.726351 | F5: 100.52681 | G5: 0.32 | H5: Ashton Silom ถ.สีลม สุริยวงศ์ บางรัก | I5: ทุกวัน 08:00-18:00 | J5: +66 93 452 2989 | K5: https://www.google.com/maps/search/?api=1&query_place_id=ChIJ_9mRbwqZ4jAR5qjatMOK910 | L5: เปิดให้บริการ (มีเวลาทำการใน Google Maps)
A6: 5 | B6: SkyWalk King Power Mahanakhon (คิงเพาเวอร์ มหานคร) | C6: ร้านเครื่องดื่ม | D6: Still Bean — Silom | E6: 13.727425 | F6: 100.53329 | G6: 0.64 | H6: 2, 3 ถ.คอนแวนต์ สีลม บางรัก | I6: ทุกวัน 07:30-20:00 | J6: +66 2 000 0101 | K6: https://www.google.com/maps/search/?api=1&query_place_id=ChIJpY1mWCaf4jARIHPxN0HALGc | L6: เปิดให้บริการ (มีเวลาทำการใน Google Maps)
A7: 6 | B7: SkyWalk King Power Mahanakhon (คิงเพาเวอร์ มหานคร) | C7: ร้านเครื่องดื่ม | D7: GATTA Cafe (Park Silom) - Specialty Coffee | E7: 13.727861 | F7: 100.53353 | G7: 0.69 | H7: ชั้น L Park Silom ถ.สีลม บางรัก | I7: จ-ศ 07:00-17:30 / ส-อา 08:00-16:30 | J7: +66 96 079 8822 | K7: https://www.google.com/maps/search/?api=1&query_place_id=ChIJ54yK4R2f4jARqeeHInvT16Y | L7: เปิดให้บริการ (มีเวลาทำการใน Google Maps)
A8: 7 | B8: SkyWalk King Power Mahanakhon (คิงเพาเวอร์ มหานคร) | C8: ร้านของหวาน | D8: Brioche from Heaven | E8: 13.724035 | F8: 100.5296 | G8: 0.12 | H8: 156 ถ.นราธิวาสราชนครินทร์ สีลม บางรัก | I8: ทุกวัน 08:30-18:30 | J8: +66 64 847 0049 | K8: https://www.google.com/maps/search/?api=1&query_place_id=ChIJsbfRmjGZ4jARcKFHjhSe1ls | L8: เปิดให้บริการ (มีเวลาทำการใน Google Maps)
A9: 8 | B9: SkyWalk King Power Mahanakhon (คิงเพาเวอร์ มหานคร) | C9: ร้านของหวาน | D9: After You Dessert Café (Silom Complex) | E9: 13.728473 | F9: 100.53504 | G9: 0.86 | H9: Silom Complex ชั้น 2 191 ถ.สีลม บางรัก | I9: ทุกวัน 10:30-21:00 | J9: +66 2 231 3255 | K9: https://www.google.com/maps/search/?api=1&query_place_id=ChIJa2em1dGY4jARkD433irtHU8 | L9: เปิดให้บริการ (มีเวลาทำการใน Google Maps)
A10: 9 | B10: SkyWalk King Power Mahanakhon (คิงเพาเวอร์ มหานคร) | C10: ร้านของหวาน | D10: Kyo Roll En (Silom Complex) | E10: 13.728085 | F10: 100.53494 | G10: 0.83 | H10: Silom Complex ชั้น B 191 ถ.สีลม บางรัก | I10: ทุกวัน 10:30-22:00 | J10: +66 65 717 9010 | K10: https://www.google.com/maps/search/?api=1&query_place_id=ChIJr9hEAyyf4jARq1DOwvgEalo | L10: เปิดให้บริการ (มีเวลาทำการใน Google Maps)
A11: 10 | B11: วัดพระศรีรัตนศาสดาราม (วัดพระแก้ว) | C11: ร้านอาหาร | D11: Thong Heng Lee Restaurant | E11: 13.752679 | F11: 100.48939 | G11: 0.38 | H11: 192-194 ถ.มหาราช พระบรมมหาราชวัง พระนคร | I11: อ-อา 08:30-16:30 (ปิดวันจันทร์) | J11: +66 81 649 4890 | K11: https://www.google.com/maps/search/?api=1&query_place_id=ChIJqda0RQmZ4jAR861kobU9SaE | L11: เปิดให้บริการ (มีเวลาทำการใน Google Maps)
A12: 11 | B12: วัดพระศรีรัตนศาสดาราม (วัดพระแก้ว) | C12: ร้านอาหาร | D12: The Gate Grand Palace | E12: 13.752174 | F12: 100.48915 | G12: 0.39 | H12: 77 ถ.หน้าพระลาน ท่าช้าง พระนคร | I12: ทุกวัน 09:00-18:00 | J12: +66 82 752 4993 | K12: https://www.google.com/maps/search/?api=1&query_place_id=ChIJXSG1gOGZ4jARQWWzQjSY8Hw | L12: เปิดให้บริการ (มีเวลาทำการใน Google Maps)
A13: 12 | B13: วัดพระศรีรัตนศาสดาราม (วัดพระแก้ว) | C13: ร้านอาหาร | D13: Thai Royal Kitchen ครัวหน้าวัง | E13: 13.749529 | F13: 100.49827 | G13: 0.64 | H13: 12 ถ.ราชบพิธ วัดราชบพิธ พระนคร | I13: ทุกวัน 05:30-14:00 (แนะนำสั่งล่วงหน้า) | J13: +66 63 965 5656 | K13: https://www.google.com/maps/search/?api=1&query_place_id=ChIJ3RQGqDKZ4jARor7IX-x0y0s | L13: เปิดให้บริการ (มีเวลาทำการใน Google Maps)
... A172: 171 | B172: สะพานพระพุทธยอดฟ้า (สะพานพุทธ) | C172: ร้านของหวาน | D172: Mi Thai Dessert | E172: 13.739214 | F172: 100.5067 | G172: 0.98 | H172: 538 ตรอกโรงโคม สัมพันธวงศ์ (ติดโรงเรียนเผยอิง) | I172: ทุกวัน 10:00-19:00 | J172: +66 95 818 2919 | K172: https://www.google.com/maps/search/?api=1&query_place_id=ChIJg4vvVgCZ4jARZMzIP6_hBP0 | L172: เปิดให้บริการ (มีเวลาทำการใน Google Maps)

Sheet ต้นฉบับ_แหล่งท่องเที่ยว
A1: ลำดับ | B1: แหล่งท่องเที่ยว | C1: ละติจูด | D1: ลองจิจูด | E1: ร้านอาหาร | F1: ร้านเครื่องดื่ม | G1: ร้านของหวาน | H1: รวม
A2: 1 | B2: SkyWalk King Power Mahanakhon (คิงเพาเวอร์ มหานคร) | C2: 13.72401 | D2: 100.52848 | E2: =COUNTIFS('ต้นฉบับ_ร้าน'!$B:$B,$B2,'ต้นฉบับ_ร้าน'!$C:$C,E$1) | F2: =COUNTIFS('ต้นฉบับ_ร้าน'!$B:$B,$B2,'ต้นฉบับ_ร้าน'!$C:$C,F$1) | G2: =COUNTIFS('ต้นฉบับ_ร้าน'!$B:$B,$B2,'ต้นฉบับ_ร้าน'!$C:$C,G$1) | H2: =SUM(E2:G2)
A3: 2 | B3: วัดพระศรีรัตนศาสดาราม (วัดพระแก้ว) | C3: 13.7515 | D3: 100.4927 | E3: =COUNTIFS('ต้นฉบับ_ร้าน'!$B:$B,$B3,'ต้นฉบับ_ร้าน'!$C:$C,E$1) | F3: =COUNTIFS('ต้นฉบับ_ร้าน'!$B:$B,$B3,'ต้นฉบับ_ร้าน'!$C:$C,F$1) | G3: =COUNTIFS('ต้นฉบับ_ร้าน'!$B:$B,$B3,'ต้นฉบับ_ร้าน'!$C:$C,G$1) | H3: =SUM(E3:G3)
A4: 3 | B4: วัดพระเชตุพนวิมลมังคลาราม (วัดโพธิ์) | C4: 13.74642 | D4: 100.49277 | E4: =COUNTIFS('ต้นฉบับ_ร้าน'!$B:$B,$B4,'ต้นฉบับ_ร้าน'!$C:$C,E$1) | F4: =COUNTIFS('ต้นฉบับ_ร้าน'!$B:$B,$B4,'ต้นฉบับ_ร้าน'!$C:$C,F$1) | G4: =COUNTIFS('ต้นฉบับ_ร้าน'!$B:$B,$B4,'ต้นฉบับ_ร้าน'!$C:$C,G$1) | H4: =SUM(E4:G4)
A5: 4 | B5: วัดอรุณราชวรารามราชวรมหาวิหาร | C5: 13.74387 | D5: 100.48844 | E5: =COUNTIFS('ต้นฉบับ_ร้าน'!$B:$B,$B5,'ต้นฉบับ_ร้าน'!$C:$C,E$1) | F5: =COUNTIFS('ต้นฉบับ_ร้าน'!$B:$B,$B5,'ต้นฉบับ_ร้าน'!$C:$C,F$1) | G5: =COUNTIFS('ต้นฉบับ_ร้าน'!$B:$B,$B5,'ต้นฉบับ_ร้าน'!$C:$C,G$1) | H5: =SUM(E5:G5)
A6: 5 | B6: วัดปากน้ำภาษีเจริญ | C6: 13.72178 | D6: 100.47036 | E6: =COUNTIFS('ต้นฉบับ_ร้าน'!$B:$B,$B6,'ต้นฉบับ_ร้าน'!$C:$C,E$1) | F6: =COUNTIFS('ต้นฉบับ_ร้าน'!$B:$B,$B6,'ต้นฉบับ_ร้าน'!$C:$C,F$1) | G6: =COUNTIFS('ต้นฉบับ_ร้าน'!$B:$B,$B6,'ต้นฉบับ_ร้าน'!$C:$C,G$1) | H6: =SUM(E6:G6)
A7: 6 | B7: บรรทัดทอง (ถ.บรรทัดทอง) | C7: 13.7392 | D7: 100.5243 | E7: =COUNTIFS('ต้นฉบับ_ร้าน'!$B:$B,$B7,'ต้นฉบับ_ร้าน'!$C:$C,E$1) | F7: =COUNTIFS('ต้นฉบับ_ร้าน'!$B:$B,$B7,'ต้นฉบับ_ร้าน'!$C:$C,F$1) | G7: =COUNTIFS('ต้นฉบับ_ร้าน'!$B:$B,$B7,'ต้นฉบับ_ร้าน'!$C:$C,G$1) | H7: =SUM(E7:G7)
A8: 7 | B8: เยาวราช | C8: 13.7397 | D8: 100.5099 | E8: =COUNTIFS('ต้นฉบับ_ร้าน'!$B:$B,$B8,'ต้นฉบับ_ร้าน'!$C:$C,E$1) | F8: =COUNTIFS('ต้นฉบับ_ร้าน'!$B:$B,$B8,'ต้นฉบับ_ร้าน'!$C:$C,F$1) | G8: =COUNTIFS('ต้นฉบับ_ร้าน'!$B:$B,$B8,'ต้นฉบับ_ร้าน'!$C:$C,G$1) | H8: =SUM(E8:G8)
A9: 8 | B9: คลองบางหลวง (Artist House / ตลาดน้ำคลองบางหลวง ภาษีเจริญ) | C9: 13.7312 | D9: 100.4633 | E9: =COUNTIFS('ต้นฉบับ_ร้าน'!$B:$B,$B9,'ต้นฉบับ_ร้าน'!$C:$C,E$1) | F9: =COUNTIFS('ต้นฉบับ_ร้าน'!$B:$B,$B9,'ต้นฉบับ_ร้าน'!$C:$C,F$1) | G9: =COUNTIFS('ต้นฉบับ_ร้าน'!$B:$B,$B9,'ต้นฉบับ_ร้าน'!$C:$C,G$1) | H9: =SUM(E9:G9)
A10: 9 | B10: ย่านพระอาทิตย์ (ถ.พระอาทิตย์ บางลำพู) | C10: 13.7632 | D10: 100.4945 | E10: =COUNTIFS('ต้นฉบับ_ร้าน'!$B:$B,$B10,'ต้นฉบับ_ร้าน'!$C:$C,E$1) | F10: =COUNTIFS('ต้นฉบับ_ร้าน'!$B:$B,$B10,'ต้นฉบับ_ร้าน'!$C:$C,F$1) | G10: =COUNTIFS('ต้นฉบับ_ร้าน'!$B:$B,$B10,'ต้นฉบับ_ร้าน'!$C:$C,G$1) | H10: =SUM(E10:G10)
A11: 10 | B11: หอศิลปวัฒนธรรมแห่งกรุงเทพมหานคร (BACC) | C11: 13.74673 | D11: 100.53022 | E11: =COUNTIFS('ต้นฉบับ_ร้าน'!$B:$B,$B11,'ต้นฉบับ_ร้าน'!$C:$C,E$1) | F11: =COUNTIFS('ต้นฉบับ_ร้าน'!$B:$B,$B11,'ต้นฉบับ_ร้าน'!$C:$C,F$1) | G11: =COUNTIFS('ต้นฉบับ_ร้าน'!$B:$B,$B11,'ต้นฉบับ_ร้าน'!$C:$C,G$1) | H11: =SUM(E11:G11)
A12: 11 | B12: Asiatique The Riverfront | C12: 13.70442 | D12: 100.50327 | E12: =COUNTIFS('ต้นฉบับ_ร้าน'!$B:$B,$B12,'ต้นฉบับ_ร้าน'!$C:$C,E$1) | F12: =COUNTIFS('ต้นฉบับ_ร้าน'!$B:$B,$B12,'ต้นฉบับ_ร้าน'!$C:$C,F$1) | G12: =COUNTIFS('ต้นฉบับ_ร้าน'!$B:$B,$B12,'ต้นฉบับ_ร้าน'!$C:$C,G$1) | H12: =SUM(E12:G12)
A13: 12 | B13: ท้องฟ้าจำลองกรุงเทพ (เอกมัย) | C13: 13.71954 | D13: 100.58278 | E13: =COUNTIFS('ต้นฉบับ_ร้าน'!$B:$B,$B13,'ต้นฉบับ_ร้าน'!$C:$C,E$1) | F13: =COUNTIFS('ต้นฉบับ_ร้าน'!$B:$B,$B13,'ต้นฉบับ_ร้าน'!$C:$C,F$1) | G13: =COUNTIFS('ต้นฉบับ_ร้าน'!$B:$B,$B13,'ต้นฉบับ_ร้าน'!$C:$C,G$1) | H13: =SUM(E13:G13)
... A20: 19 | B20: สะพานพระพุทธยอดฟ้า (สะพานพุทธ) | C20: 13.73928 | D20: 100.4976 | E20: =COUNTIFS('ต้นฉบับ_ร้าน'!$B:$B,$B20,'ต้นฉบับ_ร้าน'!$C:$C,E$1) | F20: =COUNTIFS('ต้นฉบับ_ร้าน'!$B:$B,$B20,'ต้นฉบับ_ร้าน'!$C:$C,F$1) | G20: =COUNTIFS('ต้นฉบับ_ร้าน'!$B:$B,$B20,'ต้นฉบับ_ร้าน'!$C:$C,G$1) | H20: =SUM(E20:G20)
B21: รวมทั้งหมด | E21: =SUM(E2:E20) | F21: =SUM(F2:F20) | G21: =SUM(G2:G20) | H21: =SUM(H2:H20)

Sheet ต้นฉบับ_หมายเหตุ
A1: หัวข้อ | B1: รายละเอียด
A2: ที่มาข้อมูล | B2: ข้อมูลร้านค้า พิกัด เวลาทำการ เบอร์โทร และรหัสสถานที่ (place_id) ดึงจาก Google Places (Google Maps) เมื่อวันที่ 3 ต.ค. 2569
A3: นิยามคำว่า "เปิดให้บริการ" | B3: ร้านมีสถานะประกอบกิจการอยู่ใน Google Maps (ไม่ใช่ปิดถาวร/ปิดชั่วคราว) และมีวัน-เวลาทำการระบุไว้ ไม่ได้โทรยืนยันกับร้านรายร้าน แนะนำให้เช็กเวลาล่าสุดจากลิงก์ก่อนเดินทาง
A4: ร้านที่เปิดเฉพาะบางวัน | B4: ดูคอลัมน์ "วัน-เวลาเปิดให้บริการ" เช่น ร้านปิดวันจันทร์/อังคาร/พุธ/อาทิตย์ ร้านในตลาดจตุจักรบางร้านเปิดเฉพาะเสาร์-อาทิตย์ และบางร้านเปิดเฉพาะช่วงเย็น
A5: พิกัด | B5: ละติจูด/ลองจิจูดของแต่ละร้านมาจาก Google Maps (WGS84) ส่วนพิกัดแหล่งท่องเที่ยวอยู่ในชีต "แหล่งท่องเที่ยว"
A6: ระยะห่าง | B6: คำนวณเป็นระยะทางเส้นตรง (Haversine) จากจุดอ้างอิงแหล่งท่องเที่ยวถึงร้าน ไม่ใช่ระยะเดินจริง
A7: ลิงก์ | B7: ลิงก์ Google Maps สร้างจากรหัสสถานที่ของแต่ละร้าน คลิกแล้วเปิดตำแหน่งร้านนั้นโดยตรง
A8: คลองบางหลวง | B8: ตีความเป็นย่านคลองบางหลวง-บ้านศิลปิน/ตลาดน้ำคลองบางหลวง (ซ.เพชรเกษม 20 เขตภาษีเจริญ) หากหมายถึงจุดอื่นของคลองบางหลวง (เช่น ฝั่งบางกอกน้อย) แจ้งได้เพื่อค้นหาใหม่
A9: สวนสยาม | B9: Google Maps แสดงชื่อ Siam Amazing Park (เขตคันนายาว) ใช้พิกัดนั้นเป็นจุดอ้างอิง
A10: เยาวราช | B10: ผู้ใช้ระบุซ้ำ 2 ครั้งในรายการ นับเป็นแหล่งเดียว รวมแหล่งท่องเที่ยวทั้งหมด 19 แห่ง
A11: ห้างสรรพสินค้า | B11: ร้านใน Siam Paragon / ICONSIAM อยู่ภายในห้างหรือบริเวณรอบห้าง ระยะเส้นตรงบางร้านอยู่ห่าง 0.5-1.5 กม.
